Timestamp,watt_bed,watt_living,watt_kitc
2016-12-01 16:40:14,0,0,0
2016-12-01 16:40:29,0,0,0
2016-12-01 16:40:44,0,0,0
2016-12-01 16:40:59,0,0,0
2016-12-01 16:41:14,0,0,0
2016-12-01 16:41:29,0,0,0
2016-12-01 16:41:44,0,0,0
2016-12-01 16:41:59,0,0,0
2016-12-01 16:42:14,0,0,0
2016-12-01 16:42:29,0,0,0
2016-12-01 16:42:44,0,0,0
2016-12-01 16:42:59,0,0,0
2016-12-01 16:43:14,0,0,0
2016-12-01 16:43:29,0,0,0
2016-12-01 16:43:44,0,0,0
2016-12-01 16:43:59,0,0,0
2016-12-01 16:44:14,0,0,0
2016-12-01 16:44:29,0,0,0
2016-12-01 16:44:44,0,0,0
2016-12-01 16:44:59,0,0,0
2016-12-01 16:45:14,0,0,0
2016-12-01 16:45:29,0,0,0
2016-12-01 16:45:44,0,0,0
2016-12-01 16:45:59,0,0,0
2016-12-01 16:46:14,0,0,0
2016-12-01 16:46:29,0,0,0
2016-12-01 16:46:44,0,0,0
2016-12-01 16:46:59,0,0,0
2016-12-01 16:47:14,0,0,0
2016-12-01 16:47:29,0,0,0
2016-12-01 16:47:44,0,0,0
2016-12-01 16:47:59,0,0,0
2016-12-01 16:48:14,0,0,0
2016-12-01 16:48:29,0,0,0
2016-12-01 16:48:44,0,0,0
2016-12-01 16:48:59,0,0,0
2016-12-01 16:49:14,0,0,0
2016-12-01 16:49:29,0,0,0
2016-12-01 16:49:44,0,0,0
2016-12-01 16:49:59,0,0,0
2016-12-01 16:50:14,0,0,0
2016-12-01 16:50:29,0,0,0
2016-12-01 16:50:44,0,0,0
2016-12-01 16:50:59,0,0,0
2016-12-01 16:51:14,0,0,0
2016-12-01 16:51:29,0,0,0
2016-12-01 16:51:44,0,0,0
2016-12-01 16:51:59,0,0,0
2016-12-01 16:52:14,0,0,0
2016-12-01 16:52:29,0,0,0
2016-12-01 16:52:44,0,0,0
2016-12-01 16:52:59,0,0,0
2016-12-01 16:53:14,0,0,0
2016-12-01 16:53:29,0,0,0
2016-12-01 16:53:44,0,0,0
2016-12-01 16:53:59,0,0,0
2016-12-01 16:54:14,0,0,0
2016-12-01 16:54:29,0,0,0
2016-12-01 16:54:44,0,0,0
2016-12-01 16:54:59,0,0,0
2016-12-01 16:55:14,0,0,0
2016-12-01 16:55:29,0,0,0
2016-12-01 16:55:44,0,0,0
2016-12-01 16:55:59,0,0,0
2016-12-01 16:56:14,0,0,0
2016-12-01 16:56:29,0,0,0
2016-12-01 16:56:44,0,0,0
2016-12-01 16:56:59,0,0,0
2016-12-01 16:57:14,0,0,0
2016-12-01 16:57:29,0,0,0
2016-12-01 16:57:44,0,0,0
2016-12-01 16:57:59,0,0,0
2016-12-01 16:58:14,0,0,0
2016-12-01 16:58:29,0,0,0
2016-12-01 16:58:44,0,0,0
2016-12-01 16:58:59,0,0,0
2016-12-01 16:59:14,0,0,0
2016-12-01 16:59:29,0,0,0
2016-12-01 16:59:44,0,0,0
2016-12-01 16:59:59,0,0,0
2016-12-01 17:00:14,0,0,0
2016-12-01 17:00:29,0,0,0
2016-12-01 17:00:44,0,0,0
2016-12-01 17:00:59,0,0,0
2016-12-01 17:01:14,0,0,0
2016-12-01 17:01:29,0,0,0
2016-12-01 17:01:44,0,0,0
2016-12-01 17:01:59,0,0,0
2016-12-01 17:02:14,0,0,0
2016-12-01 17:02:29,0,0,0
2016-12-01 17:02:44,0,0,0
2016-12-01 17:02:59,0,0,0
2016-12-01 17:03:14,0,0,0
2016-12-01 17:03:29,0,0,0
2016-12-01 17:03:44,0,0,0
2016-12-01 17:03:59,0,0,0
2016-12-01 17:04:14,0,0,0
2016-12-01 17:04:29,0,0,0
2016-12-01 17:04:44,0,0,0
2016-12-01 17:04:59,0,0,0
2016-12-01 17:05:14,0,0,0
2016-12-01 17:05:29,0,0,0
2016-12-01 17:05:44,0,0,0
2016-12-01 17:05:59,0,0,0
2016-12-01 17:06:14,0,0,0
2016-12-01 17:06:29,0,0,0
2016-12-01 17:06:44,0,0,0
2016-12-01 17:06:59,0,0,0
2016-12-01 17:07:14,0,0,0
2016-12-01 17:07:29,0,0,0
2016-12-01 17:07:44,0,0,0
2016-12-01 17:07:59,0,0,0
2016-12-01 17:08:14,0,0,0
2016-12-01 17:08:29,0,0,0
2016-12-01 17:08:44,0,0,0
2016-12-01 17:08:59,0,0,0
2016-12-01 17:09:14,0,0,0
2016-12-01 17:09:29,0,0,0
2016-12-01 17:09:44,0,0,0
2016-12-01 17:09:59,0,0,0
2016-12-01 17:10:14,0,0,0
2016-12-01 17:10:29,0,0,2
2016-12-01 17:10:44,0,0,2
2016-12-01 17:10:59,0,0,2
2016-12-01 17:11:14,0,0,2
2016-12-01 17:11:29,0,0,2
2016-12-01 17:11:44,0,0,2
2016-12-01 17:11:59,0,0,2
2016-12-01 17:12:14,0,0,2
2016-12-01 17:12:29,0,0,2
2016-12-01 17:12:44,0,0,2
2016-12-01 17:12:59,0,0,2
2016-12-01 17:13:14,0,0,2
2016-12-01 17:13:29,0,0,2
2016-12-01 17:13:44,0,0,2
2016-12-01 17:13:59,0,0,2
2016-12-01 17:14:14,0,0,2
2016-12-01 17:14:29,0,0,2
2016-12-01 17:14:44,0,0,2
2016-12-01 17:14:59,0,0,2
2016-12-01 17:15:14,0,0,2
2016-12-01 17:15:29,0,0,2
2016-12-01 17:15:44,0,0,2
2016-12-01 17:15:59,0,0,2
2016-12-01 17:16:14,0,0,2
2016-12-01 17:16:29,0,0,2
2016-12-01 17:16:44,0,0,2
2016-12-01 17:16:59,0,0,2
2016-12-01 17:17:14,0,0,2
2016-12-01 17:17:29,0,0,2
2016-12-01 17:17:44,0,0,2
2016-12-01 17:17:59,0,0,2
2016-12-01 17:18:14,0,0,2
2016-12-01 17:18:29,0,0,2
2016-12-01 17:18:44,0,0,2
2016-12-01 17:18:59,0,0,2
2016-12-01 17:19:14,0,0,2
2016-12-01 17:19:29,0,0,2
2016-12-01 17:19:44,0,0,2
2016-12-01 17:19:59,0,0,2
2016-12-01 17:20:14,0,0,2
2016-12-01 17:20:29,0,0,2
2016-12-01 17:20:44,0,0,2
2016-12-01 17:20:59,0,0,2
2016-12-01 17:21:14,0,0,2
2016-12-01 17:21:29,0,0,2
2016-12-01 17:21:44,0,0,2
2016-12-01 17:21:59,0,0,2
2016-12-01 17:22:14,0,0,2
2016-12-01 17:22:29,0,0,2
2016-12-01 17:22:44,0,0,2
2016-12-01 17:22:59,0,0,2
2016-12-01 17:23:14,0,0,2
2016-12-01 17:23:29,0,0,2
2016-12-01 17:23:44,0,0,2
2016-12-01 17:23:59,0,0,2
2016-12-01 17:24:14,0,0,2
2016-12-01 17:24:29,0,0,2
2016-12-01 17:24:44,0,0,2
2016-12-01 17:24:59,0,0,2
2016-12-01 17:25:14,0,0,2
2016-12-01 17:25:29,0,0,2
2016-12-01 17:25:44,0,0,2
2016-12-01 17:25:59,0,0,2
2016-12-01 17:26:14,0,0,2
2016-12-01 17:26:29,0,0,2
2016-12-01 17:26:44,0,0,2
2016-12-01 17:26:59,0,0,2
2016-12-01 17:27:14,0,0,2
2016-12-01 17:27:29,0,0,2
2016-12-01 17:27:44,0,0,2
2016-12-01 17:27:59,0,0,2
2016-12-01 17:28:14,0,0,2
2016-12-01 17:28:29,0,0,2
2016-12-01 17:28:44,0,0,2
2016-12-01 17:28:59,0,0,2
2016-12-01 17:29:14,0,0,2
2016-12-01 17:29:29,0,0,2
2016-12-01 17:29:44,0,0,2
2016-12-01 17:29:59,0,0,2
2016-12-01 17:30:14,0,0,2
2016-12-01 17:30:29,0,0,2
2016-12-01 17:30:44,0,0,2
2016-12-01 17:30:59,0,0,2
2016-12-01 17:31:14,0,0,2
2016-12-01 17:31:29,0,0,2
2016-12-01 17:31:44,0,0,2
2016-12-01 17:31:59,0,0,2
2016-12-01 17:32:14,0,0,2
2016-12-01 17:32:29,0,0,2
2016-12-01 17:32:44,0,0,2
2016-12-01 17:32:59,0,0,2
2016-12-01 17:33:14,0,0,2
2016-12-01 17:33:29,0,0,2
2016-12-01 17:33:44,0,0,2
2016-12-01 17:33:59,0,0,2
2016-12-01 17:34:14,0,0,2
2016-12-01 17:34:29,0,0,2
2016-12-01 17:34:44,0,0,2
2016-12-01 17:34:59,0,0,2
2016-12-01 17:35:14,0,0,2
2016-12-01 17:35:29,0,0,2
2016-12-01 17:35:44,0,0,2
2016-12-01 17:35:59,0,0,2
2016-12-01 17:36:14,0,0,2
2016-12-01 17:36:29,0,0,2
2016-12-01 17:36:44,0,0,2
2016-12-01 17:36:59,0,0,2
2016-12-01 17:37:14,0,0,2
2016-12-01 17:37:29,0,0,2
2016-12-01 17:37:44,0,0,2
2016-12-01 17:37:59,0,0,2
2016-12-01 17:38:14,0,0,2
2016-12-01 17:38:29,0,0,2
2016-12-01 17:38:44,0,0,2
2016-12-01 17:38:59,0,0,2
2016-12-01 17:39:14,0,0,2
2016-12-01 17:39:29,0,0,2
2016-12-01 17:39:44,0,0,2
2016-12-01 17:39:59,0,0,2
2016-12-01 17:40:14,0,0,2
2016-12-01 17:40:29,0,0,2
2016-12-01 17:40:44,0,0,2
2016-12-01 17:40:59,0,0,2
2016-12-01 17:41:14,0,0,2
2016-12-01 17:41:29,0,0,2
2016-12-01 17:41:44,0,0,2
2016-12-01 17:41:59,0,0,2
2016-12-01 17:42:14,0,0,2
2016-12-01 17:42:29,0,0,2
2016-12-01 17:42:44,0,0,2
2016-12-01 17:42:59,0,0,2
2016-12-01 17:43:14,0,0,2
2016-12-01 17:43:29,0,0,2
2016-12-01 17:43:44,0,0,2
2016-12-01 17:43:59,0,0,2
2016-12-01 17:44:14,0,0,2
2016-12-01 17:44:29,0,0,2
2016-12-01 17:44:44,0,0,2
2016-12-01 17:44:59,0,0,2
2016-12-01 17:45:14,0,0,2
2016-12-01 17:45:29,0,0,2
2016-12-01 17:45:44,0,0,2
2016-12-01 17:45:59,0,0,2
2016-12-01 17:46:14,0,0,2
2016-12-01 17:46:29,0,0,2
2016-12-01 17:46:44,0,0,2
2016-12-01 17:46:59,0,0,2
2016-12-01 17:47:14,0,0,2
2016-12-01 17:47:29,0,0,2
2016-12-01 17:47:44,0,0,2
2016-12-01 17:47:59,0,0,2
2016-12-01 17:48:14,0,0,2
2016-12-01 17:48:29,0,0,2
2016-12-01 17:48:44,0,0,2
2016-12-01 17:48:59,0,0,2
2016-12-01 17:49:14,0,0,2
2016-12-01 17:49:29,0,0,2
2016-12-01 17:49:44,0,0,2
2016-12-01 17:49:59,0,0,2
2016-12-01 17:50:14,0,0,2
2016-12-01 17:50:29,0,0,2
2016-12-01 17:50:44,0,0,2
2016-12-01 17:50:59,0,0,2
2016-12-01 17:51:14,0,0,2
2016-12-01 17:51:29,0,0,2
2016-12-01 17:51:44,0,0,2
2016-12-01 17:51:59,0,0,2
2016-12-01 17:52:14,0,0,2
2016-12-01 17:52:29,0,0,2
2016-12-01 17:52:44,0,0,2
2016-12-01 17:52:59,0,0,2
2016-12-01 17:53:14,0,0,2
2016-12-01 17:53:29,0,0,2
2016-12-01 17:53:44,0,0,2
2016-12-01 17:53:59,0,0,2
2016-12-01 17:54:14,0,0,2
2016-12-01 17:54:29,0,0,2
2016-12-01 17:54:44,0,0,2
2016-12-01 17:54:59,0,0,2
2016-12-01 17:55:14,0,0,2
2016-12-01 17:55:29,0,0,2
2016-12-01 17:55:44,0,0,2
2016-12-01 17:55:59,0,0,2
2016-12-01 17:56:14,0,0,2
2016-12-01 17:56:29,0,0,2
2016-12-01 17:56:44,0,0,2
2016-12-01 17:56:59,0,0,2
2016-12-01 17:57:14,0,0,2
2016-12-01 17:57:29,0,0,2
2016-12-01 17:57:44,0,0,2
2016-12-01 17:57:59,0,0,2
2016-12-01 17:58:14,0,0,2
2016-12-01 17:58:29,0,0,2
2016-12-01 17:58:44,0,0,2
2016-12-01 17:58:59,0,0,2
2016-12-01 17:59:14,0,0,2
2016-12-01 17:59:29,0,0,2
2016-12-01 17:59:44,0,0,2
2016-12-01 17:59:59,0,0,2
2016-12-01 18:00:14,0,0,2
2016-12-01 18:00:29,0,0,2
2016-12-01 18:00:44,0,0,2
2016-12-01 18:00:59,0,0,2
2016-12-01 18:01:14,0,0,2
2016-12-01 18:01:29,0,0,2
2016-12-01 18:01:44,0,0,2
2016-12-01 18:01:59,0,0,2
2016-12-01 18:02:14,0,4,2
2016-12-01 18:02:29,0,4,2
2016-12-01 18:02:44,0,4,2
2016-12-01 18:02:59,0,4,2
2016-12-01 18:03:14,0,4,2
2016-12-01 18:03:29,0,4,2
2016-12-01 18:03:44,0,4,2
2016-12-01 18:03:59,0,4,2
2016-12-01 18:04:14,0,4,2
2016-12-01 18:04:29,0,4,2
2016-12-01 18:04:44,0,4,2
2016-12-01 18:04:59,0,4,2
2016-12-01 18:05:14,0,4,2
2016-12-01 18:05:29,0,4,2
2016-12-01 18:05:44,0,4,2
2016-12-01 18:05:59,0,4,2
2016-12-01 18:06:14,0,4,2
2016-12-01 18:06:29,0,4,2
2016-12-01 18:06:44,0,4,2
2016-12-01 18:06:59,0,4,2
2016-12-01 18:07:14,0,4,2
2016-12-01 18:07:29,0,4,2
2016-12-01 18:07:44,0,4,2
2016-12-01 18:07:59,0,4,2
2016-12-01 18:08:14,0,4,2
2016-12-01 18:08:29,0,4,2
2016-12-01 18:08:44,0,4,2
2016-12-01 18:08:59,0,4,2
2016-12-01 18:09:14,0,4,2
2016-12-01 18:09:29,0,4,2
2016-12-01 18:09:44,0,4,2
2016-12-01 18:09:59,0,4,2
2016-12-01 18:10:14,0,4,2
2016-12-01 18:10:29,0,4,2
2016-12-01 18:10:44,0,4,2
2016-12-01 18:10:59,0,4,2
2016-12-01 18:11:14,0,4,2
2016-12-01 18:11:29,0,4,2
2016-12-01 18:11:44,0,4,2
2016-12-01 18:11:59,0,4,2
2016-12-01 18:12:14,0,4,2
2016-12-01 18:12:29,0,4,2
2016-12-01 18:12:44,0,4,2
2016-12-01 18:12:59,0,4,2
2016-12-01 18:13:14,0,4,2
2016-12-01 18:13:29,0,4,2
2016-12-01 18:13:44,0,4,2
2016-12-01 18:13:59,0,4,2
2016-12-01 18:14:14,0,4,2
2016-12-01 18:14:29,0,4,2
2016-12-01 18:14:44,0,4,2
2016-12-01 18:14:59,0,4,2
2016-12-01 18:15:14,0,4,2
2016-12-01 18:15:29,0,4,2
2016-12-01 18:15:44,0,4,2
2016-12-01 18:15:59,0,4,2
2016-12-01 18:16:14,0,4,2
2016-12-01 18:16:29,0,4,2
2016-12-01 18:16:44,0,4,2
2016-12-01 18:16:59,0,4,2
2016-12-01 18:17:14,0,4,2
2016-12-01 18:17:29,0,4,2
2016-12-01 18:17:44,0,4,2
2016-12-01 18:17:59,0,4,2
2016-12-01 18:18:14,0,4,2
2016-12-01 18:18:29,0,4,2
2016-12-01 18:18:44,0,4,2
2016-12-01 18:18:59,0,4,2
2016-12-01 18:19:14,0,4,2
2016-12-01 18:19:29,0,4,2
2016-12-01 18:19:44,0,4,2
2016-12-01 18:19:59,0,4,2
2016-12-01 18:20:14,0,4,2
2016-12-01 18:20:29,0,4,2
2016-12-01 18:20:44,0,4,0
2016-12-01 18:20:59,0,4,0
2016-12-01 18:21:14,0,4,0
2016-12-01 18:21:29,0,4,0
2016-12-01 18:21:44,0,4,0
2016-12-01 18:21:59,0,4,0
2016-12-01 18:22:14,0,4,0
2016-12-01 18:22:29,0,4,0
2016-12-01 18:22:44,0,4,0
2016-12-01 18:22:59,0,4,0
2016-12-01 18:23:14,0,4,0
2016-12-01 18:23:29,0,4,0
2016-12-01 18:23:44,0,4,0
2016-12-01 18:23:59,0,4,0
2016-12-01 18:24:14,0,4,0
2016-12-01 18:24:29,0,4,0
2016-12-01 18:24:44,0,4,0
2016-12-01 18:24:59,0,4,0
2016-12-01 18:25:14,0,4,0
2016-12-01 18:25:29,0,4,0
2016-12-01 18:25:44,0,4,0
2016-12-01 18:25:59,0,4,0
2016-12-01 18:26:14,0,4,0
2016-12-01 18:26:29,0,4,0
2016-12-01 18:26:44,0,4,0
2016-12-01 18:26:59,0,4,0
2016-12-01 18:27:14,0,4,0
2016-12-01 18:27:29,0,4,0
2016-12-01 18:27:44,0,4,0
2016-12-01 18:27:59,0,4,0
2016-12-01 18:28:14,0,4,0
2016-12-01 18:28:29,0,4,0
2016-12-01 18:28:44,0,4,0
2016-12-01 18:28:59,0,4,0
2016-12-01 18:29:14,0,4,0
2016-12-01 18:29:29,0,4,0
2016-12-01 18:29:44,0,4,0
2016-12-01 18:29:59,0,4,0
2016-12-01 18:30:14,0,4,0
2016-12-01 18:30:29,0,4,0
2016-12-01 18:30:44,0,4,0
2016-12-01 18:30:59,0,4,0
2016-12-01 18:31:14,0,4,0
2016-12-01 18:31:29,0,4,0
2016-12-01 18:31:44,0,4,0
2016-12-01 18:31:59,0,4,0
2016-12-01 18:32:14,0,4,0
2016-12-01 18:32:29,0,4,0
2016-12-01 18:32:44,0,4,0
2016-12-01 18:32:59,0,4,0
2016-12-01 18:33:14,0,4,0
2016-12-01 18:33:29,0,4,0
2016-12-01 18:33:44,0,4,0
2016-12-01 18:33:59,0,4,0
2016-12-01 18:34:14,0,4,0
2016-12-01 18:34:29,0,4,0
2016-12-01 18:34:44,0,4,0
2016-12-01 18:34:59,0,4,0
2016-12-01 18:35:14,0,4,0
2016-12-01 18:35:29,0,4,0
2016-12-01 18:35:44,0,4,0
2016-12-01 18:35:59,0,4,0
2016-12-01 18:36:14,0,4,0
2016-12-01 18:36:29,0,4,0
2016-12-01 18:36:44,0,4,0
2016-12-01 18:36:59,0,4,0
2016-12-01 18:37:14,0,4,0
2016-12-01 18:37:29,0,4,0
2016-12-01 18:37:44,0,4,0
2016-12-01 18:37:59,0,4,0
2016-12-01 18:38:14,0,4,0
2016-12-01 18:38:29,0,4,0
2016-12-01 18:38:44,0,4,0
2016-12-01 18:38:59,0,4,0
2016-12-01 18:39:14,0,4,0
2016-12-01 18:39:29,0,4,0
2016-12-01 18:39:44,0,4,0
2016-12-01 18:39:59,0,4,0
2016-12-01 18:40:14,0,4,0
2016-12-01 18:40:29,0,4,0
2016-12-01 18:40:44,0,4,0
2016-12-01 18:40:59,0,4,0
2016-12-01 18:41:14,0,4,0
2016-12-01 18:41:29,0,4,0
2016-12-01 18:41:44,0,4,0
2016-12-01 18:41:59,0,4,0
2016-12-01 18:42:14,0,4,0
2016-12-01 18:42:29,0,4,0
2016-12-01 18:42:44,0,4,0
2016-12-01 18:42:59,0,4,0
2016-12-01 18:43:14,0,4,0
2016-12-01 18:43:29,0,4,0
2016-12-01 18:43:44,0,4,0
2016-12-01 18:43:59,0,4,0
2016-12-01 18:44:14,0,4,0
2016-12-01 18:44:29,0,4,0
2016-12-01 18:44:44,0,4,0
2016-12-01 18:44:59,0,4,0
2016-12-01 18:45:14,0,4,0
2016-12-01 18:45:29,0,4,0
2016-12-01 18:45:44,0,4,0
2016-12-01 18:45:59,0,4,0
2016-12-01 18:46:14,0,4,0
2016-12-01 18:46:29,0,4,0
2016-12-01 18:46:44,0,4,0
2016-12-01 18:46:59,0,4,0
2016-12-01 18:47:14,0,4,0
2016-12-01 18:47:29,0,4,0
2016-12-01 18:47:44,0,4,0
2016-12-01 18:47:59,0,4,0
2016-12-01 18:48:14,0,4,0
2016-12-01 18:48:29,0,4,0
2016-12-01 18:48:44,0,4,0
2016-12-01 18:48:59,0,4,0
2016-12-01 18:49:14,0,4,0
2016-12-01 18:49:29,0,4,0
2016-12-01 18:49:44,0,4,0
2016-12-01 18:49:59,0,4,0
2016-12-01 18:50:14,0,4,0
2016-12-01 18:50:29,0,4,0
2016-12-01 18:50:44,0,4,0
2016-12-01 18:50:59,0,4,0
2016-12-01 18:51:14,0,4,0
2016-12-01 18:51:29,0,4,0
2016-12-01 18:51:44,0,4,0
2016-12-01 18:51:59,0,4,0
2016-12-01 18:52:14,0,4,0
2016-12-01 18:52:29,0,4,0
2016-12-01 18:52:44,0,4,0
2016-12-01 18:52:59,0,4,0
2016-12-01 18:53:14,0,4,0
2016-12-01 18:53:29,0,4,0
2016-12-01 18:53:44,0,4,0
2016-12-01 18:53:59,0,4,0
2016-12-01 18:54:14,0,4,0
2016-12-01 18:54:29,0,4,0
2016-12-01 18:54:44,0,4,0
2016-12-01 18:54:59,0,4,0
2016-12-01 18:55:14,0,4,0
2016-12-01 18:55:29,0,4,0
2016-12-01 18:55:44,0,4,0
2016-12-01 18:55:59,0,4,0
2016-12-01 18:56:14,0,4,0
2016-12-01 18:56:29,0,4,0
2016-12-01 18:56:44,0,4,0
2016-12-01 18:56:59,0,4,0
2016-12-01 18:57:14,0,4,0
2016-12-01 18:57:29,0,4,0
2016-12-01 18:57:44,0,4,0
2016-12-01 18:57:59,0,4,0
2016-12-01 18:58:14,0,4,0
2016-12-01 18:58:29,0,4,0
2016-12-01 18:58:44,0,4,0
2016-12-01 18:58:59,0,4,0
2016-12-01 18:59:14,0,4,0
2016-12-01 18:59:29,0,4,0
2016-12-01 18:59:44,0,4,0
2016-12-01 18:59:59,0,4,0
2016-12-01 19:00:14,0,4,0
2016-12-01 19:00:29,0,4,0
2016-12-01 19:00:44,0,4,0
2016-12-01 19:00:59,0,4,0
2016-12-01 19:01:14,0,4,0
2016-12-01 19:01:29,0,4,0
2016-12-01 19:01:44,0,4,0
2016-12-01 19:01:59,0,4,0
2016-12-01 19:02:14,0,4,0
2016-12-01 19:02:29,0,4,0
2016-12-01 19:02:44,0,4,0
2016-12-01 19:02:59,0,4,0
2016-12-01 19:03:14,0,4,0
2016-12-01 19:03:29,0,4,0
2016-12-01 19:03:44,0,4,0
2016-12-01 19:03:59,0,4,0
2016-12-01 19:04:14,0,4,0
2016-12-01 19:04:29,0,4,0
2016-12-01 19:04:44,0,4,0
2016-12-01 19:04:59,0,4,0
2016-12-01 19:05:14,0,4,0
2016-12-01 19:05:29,0,4,0
2016-12-01 19:05:44,0,4,0
2016-12-01 19:05:59,0,4,0
2016-12-01 19:06:14,0,4,0
2016-12-01 19:06:29,0,4,0
2016-12-01 19:06:44,0,4,0
2016-12-01 19:06:59,0,4,0
2016-12-01 19:07:14,0,4,0
2016-12-01 19:07:29,0,4,0
2016-12-01 19:07:44,0,4,0
2016-12-01 19:07:59,0,4,0
2016-12-01 19:08:14,0,4,0
2016-12-01 19:08:29,0,4,0
2016-12-01 19:08:44,0,4,0
2016-12-01 19:08:59,0,4,0
2016-12-01 19:09:14,0,4,0
2016-12-01 19:09:29,0,4,0
2016-12-01 19:09:44,0,4,0
2016-12-01 19:09:59,0,4,0
2016-12-01 19:10:14,0,4,0
2016-12-01 19:10:29,0,4,0
2016-12-01 19:10:44,0,4,0
2016-12-01 19:10:59,0,4,0
2016-12-01 19:11:14,0,4,0
2016-12-01 19:11:29,0,4,0
2016-12-01 19:11:44,0,4,0
2016-12-01 19:11:59,0,4,0
2016-12-01 19:12:14,0,4,0
2016-12-01 19:12:29,0,4,0
2016-12-01 19:12:44,0,4,0
2016-12-01 19:12:59,0,4,0
2016-12-01 19:13:14,0,4,0
2016-12-01 19:13:29,0,4,0
2016-12-01 19:13:44,0,4,0
2016-12-01 19:13:59,0,4,0
2016-12-01 19:14:14,0,4,0
2016-12-01 19:14:29,0,4,0
2016-12-01 19:14:44,0,4,0
2016-12-01 19:14:59,0,4,0
2016-12-01 19:15:14,0,4,0
2016-12-01 19:15:29,0,4,0
2016-12-01 19:15:44,0,4,0
2016-12-01 19:15:59,0,4,0
2016-12-01 19:16:14,0,4,0
2016-12-01 19:16:29,0,4,0
2016-12-01 19:16:44,0,4,0
2016-12-01 19:16:59,0,4,0
2016-12-01 19:17:14,0,4,0
2016-12-01 19:17:29,0,4,0
2016-12-01 19:17:44,0,4,0
2016-12-01 19:17:59,0,4,0
2016-12-01 19:18:14,0,4,0
2016-12-01 19:18:29,0,4,0
2016-12-01 19:18:44,0,4,0
2016-12-01 19:18:59,0,4,0
2016-12-01 19:19:14,0,4,0
2016-12-01 19:19:29,0,4,0
2016-12-01 19:19:44,0,4,0
2016-12-01 19:19:59,0,4,0
2016-12-01 19:20:14,0,4,0
2016-12-01 19:20:29,0,4,0
2016-12-01 19:20:44,0,4,0
2016-12-01 19:20:59,0,4,0
2016-12-01 19:21:14,0,4,0
2016-12-01 19:21:29,0,4,0
2016-12-01 19:21:44,0,4,0
2016-12-01 19:21:59,0,4,0
2016-12-01 19:22:14,0,4,0
2016-12-01 19:22:29,0,4,0
2016-12-01 19:22:44,0,4,0
2016-12-01 19:22:59,0,4,0
2016-12-01 19:23:14,0,4,0
2016-12-01 19:23:29,0,4,0
2016-12-01 19:23:44,0,4,0
2016-12-01 19:23:59,0,4,0
2016-12-01 19:24:14,0,4,0
2016-12-01 19:24:29,0,4,0
2016-12-01 19:24:44,0,4,0
2016-12-01 19:24:59,0,4,0
2016-12-01 19:25:14,0,4,0
2016-12-01 19:25:29,0,4,0
2016-12-01 19:25:44,0,4,0
2016-12-01 19:25:59,0,4,0
2016-12-01 19:26:14,0,4,0
2016-12-01 19:26:29,0,4,0
2016-12-01 19:26:44,0,4,0
2016-12-01 19:26:59,0,4,0
2016-12-01 19:27:14,0,4,0
2016-12-01 19:27:29,0,4,0
2016-12-01 19:27:44,0,4,0
2016-12-01 19:27:59,0,4,0
2016-12-01 19:28:14,0,4,0
2016-12-01 19:28:29,0,4,0
2016-12-01 19:28:44,0,4,0
2016-12-01 19:28:59,0,4,0
2016-12-01 19:29:14,0,4,0
2016-12-01 19:29:29,0,4,0
2016-12-01 19:29:44,0,4,0
2016-12-01 19:29:59,0,4,0
2016-12-01 19:30:14,0,4,0
2016-12-01 19:30:29,0,4,0
2016-12-01 19:30:44,0,4,0
2016-12-01 19:30:59,0,4,0
2016-12-01 19:31:14,0,4,0
2016-12-01 19:31:29,0,4,0
2016-12-01 19:31:44,0,4,0
2016-12-01 19:31:59,0,4,0
2016-12-01 19:32:14,0,4,0
2016-12-01 19:32:29,0,4,0
2016-12-01 19:32:44,0,4,0
2016-12-01 19:32:59,0,4,0
2016-12-01 19:33:14,0,4,0
2016-12-01 19:33:29,0,4,0
2016-12-01 19:33:44,0,4,0
2016-12-01 19:33:59,0,4,0
2016-12-01 19:34:14,0,4,0
2016-12-01 19:34:29,0,4,0
2016-12-01 19:34:44,0,4,0
2016-12-01 19:34:59,0,4,0
2016-12-01 19:35:14,0,4,0
2016-12-01 19:35:29,0,4,0
2016-12-01 19:35:44,0,4,0
2016-12-01 19:35:59,0,4,0
2016-12-01 19:36:14,0,4,0
2016-12-01 19:36:29,0,4,0
2016-12-01 19:36:44,0,4,0
2016-12-01 19:36:59,0,4,0
2016-12-01 19:37:14,0,4,0
2016-12-01 19:37:29,0,4,0
2016-12-01 19:37:44,0,4,0
2016-12-01 19:37:59,0,4,0
2016-12-01 19:38:14,0,4,0
2016-12-01 19:38:29,0,4,0
2016-12-01 19:38:44,0,4,0
2016-12-01 19:38:59,0,4,0
2016-12-01 19:39:14,0,4,0
2016-12-01 19:39:29,0,4,0
2016-12-01 19:39:44,0,4,0
2016-12-01 19:39:59,0,4,0
2016-12-01 19:40:14,0,4,0
2016-12-01 19:40:29,0,4,0
2016-12-01 19:40:44,0,4,0
2016-12-01 19:40:59,0,4,0
2016-12-01 19:41:14,0,4,0
2016-12-01 19:41:29,0,4,0
2016-12-01 19:41:44,0,4,0
2016-12-01 19:41:59,0,4,0
2016-12-01 19:42:14,0,4,0
2016-12-01 19:42:29,0,4,0
2016-12-01 19:42:44,0,4,0
2016-12-01 19:42:59,0,4,0
2016-12-01 19:43:14,0,4,0
2016-12-01 19:43:29,0,4,0
2016-12-01 19:43:44,0,4,0
2016-12-01 19:43:59,0,4,0
2016-12-01 19:44:14,0,4,0
2016-12-01 19:44:29,0,4,0
2016-12-01 19:44:44,0,4,0
2016-12-01 19:44:59,0,4,0
2016-12-01 19:45:14,0,4,0
2016-12-01 19:45:29,0,4,0
2016-12-01 19:45:44,0,4,0
2016-12-01 19:45:59,0,4,0
2016-12-01 19:46:14,0,4,0
2016-12-01 19:46:29,0,4,0
2016-12-01 19:46:44,0,4,0
2016-12-01 19:46:59,0,4,0
2016-12-01 19:47:14,0,4,0
2016-12-01 19:47:29,0,4,0
2016-12-01 19:47:44,0,4,0
2016-12-01 19:47:59,0,4,0
2016-12-01 19:48:14,0,4,0
2016-12-01 19:48:29,0,4,0
2016-12-01 19:48:44,0,4,0
2016-12-01 19:48:59,0,4,0
2016-12-01 19:49:14,0,4,0
2016-12-01 19:49:29,0,4,0
2016-12-01 19:49:44,0,4,0
2016-12-01 19:49:59,0,4,0
2016-12-01 19:50:14,0,4,0
2016-12-01 19:50:29,0,4,0
2016-12-01 19:50:44,0,4,0
2016-12-01 19:50:59,0,4,0
2016-12-01 19:51:14,0,4,0
2016-12-01 19:51:29,0,4,0
2016-12-01 19:51:44,0,4,0
2016-12-01 19:51:59,0,4,0
2016-12-01 19:52:14,0,4,0
2016-12-01 19:52:29,0,4,0
2016-12-01 19:52:44,0,4,0
2016-12-01 19:52:59,0,4,0
2016-12-01 19:53:14,0,4,0
2016-12-01 19:53:29,0,4,0
2016-12-01 19:53:44,0,4,0
2016-12-01 19:53:59,0,4,0
2016-12-01 19:54:14,0,4,0
2016-12-01 19:54:29,0,4,0
2016-12-01 19:54:44,0,4,0
2016-12-01 19:54:59,0,4,0
2016-12-01 19:55:14,0,4,0
2016-12-01 19:55:29,0,4,0
2016-12-01 19:55:44,0,4,0
2016-12-01 19:55:59,0,4,0
2016-12-01 19:56:14,0,4,0
2016-12-01 19:56:29,0,4,0
2016-12-01 19:56:44,0,4,0
2016-12-01 19:56:59,0,4,0
2016-12-01 19:57:14,0,4,0
2016-12-01 19:57:29,0,4,0
2016-12-01 19:57:44,0,4,0
2016-12-01 19:57:59,0,4,0
2016-12-01 19:58:14,0,4,0
2016-12-01 19:58:29,0,4,0
2016-12-01 19:58:44,0,4,0
2016-12-01 19:58:59,0,4,0
2016-12-01 19:59:14,0,4,0
2016-12-01 19:59:29,0,4,0
2016-12-01 19:59:44,0,4,0
2016-12-01 19:59:59,0,4,0
2016-12-01 20:00:14,0,4,0
2016-12-01 20:00:29,0,4,0
2016-12-01 20:00:44,0,4,0
2016-12-01 20:00:59,0,4,0
2016-12-01 20:01:14,0,4,0
2016-12-01 20:01:29,0,4,0
2016-12-01 20:01:44,0,4,0
2016-12-01 20:01:59,0,4,0
2016-12-01 20:02:14,0,4,0
2016-12-01 20:02:29,0,4,0
2016-12-01 20:02:44,0,4,0
2016-12-01 20:02:59,0,4,0
2016-12-01 20:03:14,0,4,0
2016-12-01 20:03:29,0,4,0
2016-12-01 20:03:44,0,4,0
2016-12-01 20:03:59,0,4,0
2016-12-01 20:04:14,0,4,0
2016-12-01 20:04:29,0,4,0
2016-12-01 20:04:44,0,4,0
2016-12-01 20:04:59,0,4,0
2016-12-01 20:05:14,0,4,0
2016-12-01 20:05:29,0,4,0
2016-12-01 20:05:44,0,4,0
2016-12-01 20:05:59,0,4,0
2016-12-01 20:06:14,0,4,0
2016-12-01 20:06:29,0,4,0
2016-12-01 20:06:44,0,4,0
2016-12-01 20:06:59,0,4,0
2016-12-01 20:07:14,0,4,0
2016-12-01 20:07:29,0,4,0
2016-12-01 20:07:44,0,4,0
2016-12-01 20:07:59,0,4,0
2016-12-01 20:08:14,0,4,0
2016-12-01 20:08:29,0,4,0
2016-12-01 20:08:44,0,4,0
2016-12-01 20:08:59,0,4,0
2016-12-01 20:09:14,0,4,0
2016-12-01 20:09:29,0,4,0
2016-12-01 20:09:44,0,4,0
2016-12-01 20:09:59,0,4,0
2016-12-01 20:10:14,0,4,0
2016-12-01 20:10:29,0,4,0
2016-12-01 20:10:44,0,4,0
2016-12-01 20:10:59,0,4,0
2016-12-01 20:11:14,0,4,0
2016-12-01 20:11:29,0,4,0
2016-12-01 20:11:44,0,4,0
2016-12-01 20:11:59,0,4,0
2016-12-01 20:12:14,0,4,0
2016-12-01 20:12:29,0,4,0
2016-12-01 20:12:44,0,4,0
2016-12-01 20:12:59,0,4,0
2016-12-01 20:13:14,0,4,0
2016-12-01 20:13:29,0,4,0
2016-12-01 20:13:44,0,4,0
2016-12-01 20:13:59,0,4,0
2016-12-01 20:14:14,0,4,0
2016-12-01 20:14:29,0,4,0
2016-12-01 20:14:44,0,4,0
2016-12-01 20:14:59,0,4,0
2016-12-01 20:15:14,0,4,0
2016-12-01 20:15:29,0,4,0
2016-12-01 20:15:44,0,4,0
2016-12-01 20:15:59,0,4,0
2016-12-01 20:16:14,0,4,0
2016-12-01 20:16:29,0,4,0
2016-12-01 20:16:44,0,4,0
2016-12-01 20:16:59,0,4,0
2016-12-01 20:17:14,0,4,0
2016-12-01 20:17:29,0,4,0
2016-12-01 20:17:44,0,4,0
2016-12-01 20:17:59,0,4,0
2016-12-01 20:18:14,0,4,0
2016-12-01 20:18:29,0,4,0
2016-12-01 20:18:44,0,4,0
2016-12-01 20:18:59,0,4,0
2016-12-01 20:19:14,0,4,0
2016-12-01 20:19:29,0,4,0
2016-12-01 20:19:44,0,4,0
2016-12-01 20:19:59,0,4,0
2016-12-01 20:20:14,0,4,0
2016-12-01 20:20:29,0,4,0
2016-12-01 20:20:44,0,4,0
2016-12-01 20:20:59,0,4,0
2016-12-01 20:21:14,0,4,0
2016-12-01 20:21:29,0,4,0
2016-12-01 20:21:44,0,4,0
2016-12-01 20:21:59,0,4,0
2016-12-01 20:22:14,0,4,0
2016-12-01 20:22:29,0,4,0
2016-12-01 20:22:44,0,4,0
2016-12-01 20:22:59,0,4,0
2016-12-01 20:23:14,0,4,0
2016-12-01 20:23:29,0,4,0
2016-12-01 20:23:44,0,4,0
2016-12-01 20:23:59,0,4,0
2016-12-01 20:24:14,0,4,0
2016-12-01 20:24:29,0,4,0
2016-12-01 20:24:44,0,4,0
2016-12-01 20:24:59,0,4,0
2016-12-01 20:25:14,0,4,0
2016-12-01 20:25:29,0,4,0
2016-12-01 20:25:44,0,4,0
2016-12-01 20:25:59,0,4,0
2016-12-01 20:26:14,0,4,0
2016-12-01 20:26:29,0,4,0
2016-12-01 20:26:44,0,4,0
2016-12-01 20:26:59,0,4,0
2016-12-01 20:27:14,0,4,0
2016-12-01 20:27:29,0,4,0
2016-12-01 20:27:44,0,4,0
2016-12-01 20:27:59,0,4,0
2016-12-01 20:28:14,0,4,0
2016-12-01 20:28:29,0,4,0
2016-12-01 20:28:44,0,4,0
2016-12-01 20:28:59,0,4,0
2016-12-01 20:29:14,0,4,0
2016-12-01 20:29:29,0,4,0
2016-12-01 20:29:44,0,4,0
2016-12-01 20:29:59,0,4,0
2016-12-01 20:30:14,0,4,0
2016-12-01 20:30:29,0,4,0
2016-12-01 20:30:44,0,4,0
2016-12-01 20:30:59,0,4,0
2016-12-01 20:31:14,0,4,0
2016-12-01 20:31:29,0,4,0
2016-12-01 20:31:44,0,4,0
2016-12-01 20:31:59,0,4,0
2016-12-01 20:32:14,0,4,0
2016-12-01 20:32:29,0,4,0
2016-12-01 20:32:44,0,4,0
2016-12-01 20:32:59,0,4,0
2016-12-01 20:33:14,0,4,0
2016-12-01 20:33:29,0,4,0
2016-12-01 20:33:44,0,4,0
2016-12-01 20:33:59,0,4,0
2016-12-01 20:34:14,0,4,0
2016-12-01 20:34:29,0,4,0
2016-12-01 20:34:44,0,4,0
2016-12-01 20:34:59,0,4,0
2016-12-01 20:35:14,0,4,0
2016-12-01 20:35:29,0,4,0
2016-12-01 20:35:44,0,4,0
2016-12-01 20:35:59,0,4,0
2016-12-01 20:36:14,0,4,0
2016-12-01 20:36:29,0,4,0
2016-12-01 20:36:44,0,4,0
2016-12-01 20:36:59,0,4,0
2016-12-01 20:37:14,0,4,0
2016-12-01 20:37:29,0,4,0
2016-12-01 20:37:44,0,4,0
2016-12-01 20:37:59,0,4,0
2016-12-01 20:38:14,0,4,0
2016-12-01 20:38:29,0,4,0
2016-12-01 20:38:44,0,4,0
2016-12-01 20:38:59,0,4,0
2016-12-01 20:39:14,0,4,0
2016-12-01 20:39:29,0,4,0
2016-12-01 20:39:44,0,4,0
2016-12-01 20:39:59,0,4,0
2016-12-01 20:40:14,0,4,0
2016-12-01 20:40:29,0,4,0
2016-12-01 20:40:44,0,4,0
2016-12-01 20:40:59,0,4,0
2016-12-01 20:41:14,0,4,0
2016-12-01 20:41:29,0,4,0
2016-12-01 20:41:44,0,4,0
2016-12-01 20:41:59,0,4,0
2016-12-01 20:42:14,0,4,0
2016-12-01 20:42:29,0,4,0
2016-12-01 20:42:44,0,4,0
2016-12-01 20:42:59,0,4,0
2016-12-01 20:43:14,0,4,0
2016-12-01 20:43:29,0,4,0
2016-12-01 20:43:44,0,4,0
2016-12-01 20:43:59,0,4,0
2016-12-01 20:44:14,0,4,0
2016-12-01 20:44:29,0,4,0
2016-12-01 20:44:44,0,4,0
2016-12-01 20:44:59,0,4,0
2016-12-01 20:45:14,0,4,0
2016-12-01 20:45:29,0,4,0
2016-12-01 20:45:44,0,4,0
2016-12-01 20:45:59,0,4,0
2016-12-01 20:46:14,0,4,0
2016-12-01 20:46:29,0,4,0
2016-12-01 20:46:44,0,4,0
2016-12-01 20:46:59,0,4,0
2016-12-01 20:47:14,0,4,0
2016-12-01 20:47:29,0,4,0
2016-12-01 20:47:44,0,4,0
2016-12-01 20:47:59,0,4,0
2016-12-01 20:48:14,0,4,0
2016-12-01 20:48:29,0,4,0
2016-12-01 20:48:44,0,4,0
2016-12-01 20:48:59,0,4,0
2016-12-01 20:49:14,0,4,0
2016-12-01 20:49:29,0,4,0
2016-12-01 20:49:44,0,4,0
2016-12-01 20:49:59,0,4,0
2016-12-01 20:50:14,0,4,0
2016-12-01 20:50:29,0,4,0
2016-12-01 20:50:44,0,4,0
2016-12-01 20:50:59,0,4,0
2016-12-01 20:51:14,0,4,0
2016-12-01 20:51:29,0,4,0
2016-12-01 20:51:44,0,4,0
2016-12-01 20:51:59,0,4,0
2016-12-01 20:52:14,0,4,0
2016-12-01 20:52:29,0,4,0
2016-12-01 20:52:44,0,4,0
2016-12-01 20:52:59,0,4,0
2016-12-01 20:53:14,0,4,0
2016-12-01 20:53:29,0,4,0
2016-12-01 20:53:44,0,4,0
2016-12-01 20:53:59,0,4,0
2016-12-01 20:54:14,0,4,0
2016-12-01 20:54:29,0,4,0
2016-12-01 20:54:44,0,4,0
2016-12-01 20:54:59,0,4,0
2016-12-01 20:55:14,0,4,0
2016-12-01 20:55:29,0,4,0
2016-12-01 20:55:44,0,4,0
2016-12-01 20:55:59,0,4,0
2016-12-01 20:56:14,0,4,0
2016-12-01 20:56:29,0,4,0
2016-12-01 20:56:44,0,4,0
2016-12-01 20:56:59,0,4,0
2016-12-01 20:57:14,0,4,0
2016-12-01 20:57:29,0,4,0
2016-12-01 20:57:44,0,4,0
2016-12-01 20:57:59,0,4,0
2016-12-01 20:58:14,0,4,0
2016-12-01 20:58:29,0,4,0
2016-12-01 20:58:44,0,4,0
2016-12-01 20:58:59,0,4,0
2016-12-01 20:59:14,0,4,0
2016-12-01 20:59:29,0,4,0
2016-12-01 20:59:44,0,4,0
2016-12-01 20:59:59,0,4,0
2016-12-01 21:00:14,0,4,0
2016-12-01 21:00:29,0,4,0
2016-12-01 21:00:44,0,4,0
2016-12-01 21:00:59,0,4,0
2016-12-01 21:01:14,0,4,0
2016-12-01 21:01:29,0,4,0
2016-12-01 21:01:44,0,4,0
2016-12-01 21:01:59,0,4,0
2016-12-01 21:02:14,0,4,0
2016-12-01 21:02:29,0,4,0
2016-12-01 21:02:44,0,4,0
2016-12-01 21:02:59,0,4,0
2016-12-01 21:03:14,0,4,0
2016-12-01 21:03:29,0,4,0
2016-12-01 21:03:44,0,4,0
2016-12-01 21:03:59,0,4,0
2016-12-01 21:04:14,0,4,0
2016-12-01 21:04:29,0,4,0
2016-12-01 21:04:44,0,4,0
2016-12-01 21:04:59,0,4,0
2016-12-01 21:05:14,0,4,0
2016-12-01 21:05:29,0,4,0
2016-12-01 21:05:44,0,4,0
2016-12-01 21:05:59,0,4,0
2016-12-01 21:06:14,0,4,0
2016-12-01 21:06:29,0,4,0
2016-12-01 21:06:44,0,4,0
2016-12-01 21:06:59,0,4,0
2016-12-01 21:07:14,0,4,0
2016-12-01 21:07:29,0,4,0
2016-12-01 21:07:44,0,4,0
2016-12-01 21:07:59,0,4,0
2016-12-01 21:08:14,0,4,0
2016-12-01 21:08:29,0,4,0
2016-12-01 21:08:44,0,4,0
2016-12-01 21:08:59,0,4,0
2016-12-01 21:09:14,0,4,0
2016-12-01 21:09:29,0,4,0
2016-12-01 21:09:44,0,4,0
2016-12-01 21:09:59,0,4,0
2016-12-01 21:10:14,0,4,0
2016-12-01 21:10:29,0,4,0
2016-12-01 21:10:44,0,4,0
2016-12-01 21:10:59,0,4,0
2016-12-01 21:11:14,0,4,0
2016-12-01 21:11:29,0,4,0
2016-12-01 21:11:44,0,4,0
2016-12-01 21:11:59,0,4,0
2016-12-01 21:12:14,0,4,0
2016-12-01 21:12:29,0,4,0
2016-12-01 21:12:44,0,4,0
2016-12-01 21:12:59,0,4,0
2016-12-01 21:13:14,0,4,0
2016-12-01 21:13:29,0,4,0
2016-12-01 21:13:44,0,4,0
2016-12-01 21:13:59,0,4,0
2016-12-01 21:14:14,0,4,0
2016-12-01 21:14:29,0,4,0
2016-12-01 21:14:44,0,4,0
2016-12-01 21:14:59,0,4,0
2016-12-01 21:15:14,0,4,0
2016-12-01 21:15:29,0,4,0
2016-12-01 21:15:44,0,4,0
2016-12-01 21:15:59,0,4,0
2016-12-01 21:16:14,0,4,0
2016-12-01 21:16:29,0,4,0
2016-12-01 21:16:44,0,4,0
2016-12-01 21:16:59,0,4,0
2016-12-01 21:17:14,0,4,0
2016-12-01 21:17:29,0,4,0
2016-12-01 21:17:44,0,4,0
2016-12-01 21:17:59,0,4,0
2016-12-01 21:18:14,0,4,0
2016-12-01 21:18:29,0,4,0
2016-12-01 21:18:44,0,4,0
2016-12-01 21:18:59,0,4,0
2016-12-01 21:19:14,0,4,0
2016-12-01 21:19:29,0,4,0
2016-12-01 21:19:44,0,4,0
2016-12-01 21:19:59,0,4,0
2016-12-01 21:20:14,0,4,0
2016-12-01 21:20:29,0,4,0
2016-12-01 21:20:44,0,4,0
2016-12-01 21:20:59,0,4,0
2016-12-01 21:21:14,0,4,0
2016-12-01 21:21:29,0,4,0
2016-12-01 21:21:44,0,4,0
2016-12-01 21:21:59,0,4,0
2016-12-01 21:22:14,0,4,0
2016-12-01 21:22:29,0,4,0
2016-12-01 21:22:44,0,4,0
2016-12-01 21:22:59,0,4,0
2016-12-01 21:23:14,0,4,0
2016-12-01 21:23:29,0,4,0
2016-12-01 21:23:44,0,4,0
2016-12-01 21:23:59,0,4,0
2016-12-01 21:24:14,0,4,0
2016-12-01 21:24:29,4,4,0
2016-12-01 21:24:44,4,4,0
2016-12-01 21:24:59,4,4,0
2016-12-01 21:25:14,4,4,0
2016-12-01 21:25:29,4,4,0
2016-12-01 21:25:44,4,4,0
2016-12-01 21:25:59,4,4,0
2016-12-01 21:26:14,4,4,0
2016-12-01 21:26:29,4,4,0
2016-12-01 21:26:44,4,4,0
2016-12-01 21:26:59,4,4,0
2016-12-01 21:27:14,4,4,0
2016-12-01 21:27:29,4,4,0
2016-12-01 21:27:44,4,4,0
2016-12-01 21:27:59,4,4,0
2016-12-01 21:28:14,4,4,0
2016-12-01 21:28:29,4,4,0
2016-12-01 21:28:44,4,4,0
2016-12-01 21:28:59,4,4,0
2016-12-01 21:29:14,4,4,0
2016-12-01 21:29:29,4,4,0
2016-12-01 21:29:44,4,4,0
2016-12-01 21:29:59,4,4,0
2016-12-01 21:30:14,4,4,0
2016-12-01 21:30:29,4,4,0
2016-12-01 21:30:44,4,4,0
2016-12-01 21:30:59,4,4,0
2016-12-01 21:31:14,4,4,0
2016-12-01 21:31:29,4,4,0
2016-12-01 21:31:44,4,4,0
2016-12-01 21:31:59,4,4,0
2016-12-01 21:32:14,4,4,0
2016-12-01 21:32:29,4,4,0
2016-12-01 21:32:44,4,4,0
2016-12-01 21:32:59,4,4,0
2016-12-01 21:33:14,4,4,0
2016-12-01 21:33:29,4,4,0
2016-12-01 21:33:44,4,4,0
2016-12-01 21:33:59,4,4,0
2016-12-01 21:34:14,4,4,0
2016-12-01 21:34:29,4,4,0
2016-12-01 21:34:44,4,4,0
2016-12-01 21:34:59,4,4,0
2016-12-01 21:35:14,4,4,0
2016-12-01 21:35:29,4,4,0
2016-12-01 21:35:44,4,4,0
2016-12-01 21:35:59,4,4,0
2016-12-01 21:36:14,4,4,0
2016-12-01 21:36:29,4,4,0
2016-12-01 21:36:44,4,4,0
2016-12-01 21:36:59,4,4,0
2016-12-01 21:37:14,4,4,0
2016-12-01 21:37:29,4,4,0
2016-12-01 21:37:44,4,4,0
2016-12-01 21:37:59,4,4,0
2016-12-01 21:38:14,4,4,0
2016-12-01 21:38:29,4,4,0
2016-12-01 21:38:44,4,4,0
2016-12-01 21:38:59,4,4,0
2016-12-01 21:39:14,4,4,0
2016-12-01 21:39:29,4,4,0
2016-12-01 21:39:44,4,4,0
2016-12-01 21:39:59,4,4,0
2016-12-01 21:40:14,4,4,0
2016-12-01 21:40:29,4,4,0
2016-12-01 21:40:44,4,4,0
2016-12-01 21:40:59,4,4,0
2016-12-01 21:41:14,4,4,0
2016-12-01 21:41:29,4,4,0
2016-12-01 21:41:44,4,4,0
2016-12-01 21:41:59,4,4,0
2016-12-01 21:42:14,4,4,0
2016-12-01 21:42:29,4,4,0
2016-12-01 21:42:44,4,4,0
2016-12-01 21:42:59,4,4,0
2016-12-01 21:43:14,4,4,0
2016-12-01 21:43:29,4,4,0
2016-12-01 21:43:44,4,4,0
2016-12-01 21:43:59,4,4,0
2016-12-01 21:44:14,4,4,0
2016-12-01 21:44:29,4,4,0
2016-12-01 21:44:44,4,4,0
2016-12-01 21:44:59,4,4,0
2016-12-01 21:45:14,4,4,0
2016-12-01 21:45:29,4,4,0
2016-12-01 21:45:44,4,4,0
2016-12-01 21:45:59,4,4,0
2016-12-01 21:46:14,4,4,0
2016-12-01 21:46:29,4,4,0
2016-12-01 21:46:44,4,4,0
2016-12-01 21:46:59,4,4,0
2016-12-01 21:47:14,4,4,0
2016-12-01 21:47:29,4,4,0
2016-12-01 21:47:44,4,4,0
2016-12-01 21:47:59,4,4,0
2016-12-01 21:48:14,4,4,0
2016-12-01 21:48:29,4,4,0
2016-12-01 21:48:44,4,4,0
2016-12-01 21:48:59,4,4,0
2016-12-01 21:49:14,4,4,0
2016-12-01 21:49:29,4,4,0
2016-12-01 21:49:44,4,4,0
2016-12-01 21:49:59,4,4,0
2016-12-01 21:50:14,4,4,0
2016-12-01 21:50:29,4,4,0
2016-12-01 21:50:44,4,4,0
2016-12-01 21:50:59,4,4,0
2016-12-01 21:51:14,4,4,0
2016-12-01 21:51:29,4,4,0
2016-12-01 21:51:44,4,4,0
2016-12-01 21:51:59,4,4,0
2016-12-01 21:52:14,4,4,0
2016-12-01 21:52:29,4,4,0
2016-12-01 21:52:44,4,4,0
2016-12-01 21:52:59,4,4,0
2016-12-01 21:53:14,4,4,0
2016-12-01 21:53:29,4,4,0
2016-12-01 21:53:44,4,4,0
2016-12-01 21:53:59,4,4,0
2016-12-01 21:54:14,4,4,0
2016-12-01 21:54:29,4,4,0
2016-12-01 21:54:44,4,4,0
2016-12-01 21:54:59,4,4,0
2016-12-01 21:55:14,4,4,0
2016-12-01 21:55:29,4,4,0
2016-12-01 21:55:44,4,4,0
2016-12-01 21:55:59,4,4,0
2016-12-01 21:56:14,4,4,0
2016-12-01 21:56:29,4,4,0
2016-12-01 21:56:44,4,4,0
2016-12-01 21:56:59,4,4,0
2016-12-01 21:57:14,4,4,0
2016-12-01 21:57:29,4,4,0
2016-12-01 21:57:44,4,4,0
2016-12-01 21:57:59,4,4,0
2016-12-01 21:58:14,4,4,0
2016-12-01 21:58:29,4,4,0
2016-12-01 21:58:44,4,4,0
2016-12-01 21:58:59,4,4,0
2016-12-01 21:59:14,4,4,0
2016-12-01 21:59:29,4,4,0
2016-12-01 21:59:44,4,4,0
2016-12-01 21:59:59,4,4,0
2016-12-01 22:00:14,4,4,0
2016-12-01 22:00:29,4,4,0
2016-12-01 22:00:44,4,4,0
2016-12-01 22:00:59,4,4,0
2016-12-01 22:01:14,4,4,0
2016-12-01 22:01:29,4,4,0
2016-12-01 22:01:44,4,4,0
2016-12-01 22:01:59,4,4,0
2016-12-01 22:02:14,4,4,0
2016-12-01 22:02:29,4,4,0
2016-12-01 22:02:44,4,4,0
2016-12-01 22:02:59,4,4,0
2016-12-01 22:03:14,4,4,0
2016-12-01 22:03:29,4,4,0
2016-12-01 22:03:44,4,4,0
2016-12-01 22:03:59,4,4,0
2016-12-01 22:04:14,4,4,0
2016-12-01 22:04:29,4,4,0
2016-12-01 22:04:44,4,4,0
2016-12-01 22:04:59,4,4,0
2016-12-01 22:05:14,4,4,0
2016-12-01 22:05:29,4,4,0
2016-12-01 22:05:44,4,4,0
2016-12-01 22:05:59,4,4,0
2016-12-01 22:06:14,4,4,0
2016-12-01 22:06:29,4,4,0
2016-12-01 22:06:44,4,4,0
2016-12-01 22:06:59,4,4,0
2016-12-01 22:07:14,4,4,0
2016-12-01 22:07:29,4,4,0
2016-12-01 22:07:44,4,4,0
2016-12-01 22:07:59,4,4,0
2016-12-01 22:08:14,4,4,0
2016-12-01 22:08:29,4,4,0
2016-12-01 22:08:44,4,4,0
2016-12-01 22:08:59,4,4,0
2016-12-01 22:09:14,4,4,0
2016-12-01 22:09:29,4,4,0
2016-12-01 22:09:44,4,4,0
2016-12-01 22:09:59,4,4,0
2016-12-01 22:10:14,4,4,0
2016-12-01 22:10:29,4,4,0
2016-12-01 22:10:44,4,4,0
2016-12-01 22:10:59,4,4,0
2016-12-01 22:11:14,4,4,0
2016-12-01 22:11:29,4,4,0
2016-12-01 22:11:44,4,4,0
2016-12-01 22:11:59,4,4,0
2016-12-01 22:12:14,4,4,0
2016-12-01 22:12:29,4,4,0
2016-12-01 22:12:44,4,4,0
2016-12-01 22:12:59,4,4,0
2016-12-01 22:13:14,4,4,0
2016-12-01 22:13:29,4,4,0
2016-12-01 22:13:44,4,4,0
2016-12-01 22:13:59,4,4,0
2016-12-01 22:14:14,4,4,0
2016-12-01 22:14:29,4,4,0
2016-12-01 22:14:44,4,4,0
2016-12-01 22:14:59,4,4,0
2016-12-01 22:15:14,4,4,0
2016-12-01 22:15:29,4,4,0
2016-12-01 22:15:44,4,4,0
2016-12-01 22:15:59,4,4,0
2016-12-01 22:16:14,4,4,0
2016-12-01 22:16:29,4,4,0
2016-12-01 22:16:44,4,4,0
2016-12-01 22:16:59,4,4,0
2016-12-01 22:17:14,4,4,0
2016-12-01 22:17:29,4,4,0
2016-12-01 22:17:44,4,4,0
2016-12-01 22:17:59,4,4,0
2016-12-01 22:18:14,4,4,0
2016-12-01 22:18:29,4,4,0
2016-12-01 22:18:44,4,4,0
2016-12-01 22:18:59,4,4,0
2016-12-01 22:19:14,4,4,0
2016-12-01 22:19:29,4,4,0
2016-12-01 22:19:44,4,4,0
2016-12-01 22:19:59,4,4,0
2016-12-01 22:20:14,4,4,0
2016-12-01 22:20:29,4,4,0
2016-12-01 22:20:44,4,4,0
2016-12-01 22:20:59,4,4,0
2016-12-01 22:21:14,4,4,0
2016-12-01 22:21:29,4,4,0
2016-12-01 22:21:44,4,4,0
2016-12-01 22:21:59,4,4,0
2016-12-01 22:22:14,4,4,0
2016-12-01 22:22:29,4,4,0
2016-12-01 22:22:44,4,4,0
2016-12-01 22:22:59,4,4,0
2016-12-01 22:23:14,4,4,0
2016-12-01 22:23:29,4,4,0
2016-12-01 22:23:44,4,4,0
2016-12-01 22:23:59,4,4,0
2016-12-01 22:24:14,4,4,0
2016-12-01 22:24:29,4,4,0
2016-12-01 22:24:44,4,4,0
2016-12-01 22:24:59,4,4,0
2016-12-01 22:25:14,4,4,0
2016-12-01 22:25:29,4,4,0
2016-12-01 22:25:44,4,4,0
2016-12-01 22:25:59,4,4,0
2016-12-01 22:26:14,4,4,0
2016-12-01 22:26:29,4,4,0
2016-12-01 22:26:44,4,4,0
2016-12-01 22:26:59,4,4,0
2016-12-01 22:27:14,4,4,0
2016-12-01 22:27:29,4,4,0
2016-12-01 22:27:44,4,4,0
2016-12-01 22:27:59,4,4,0
2016-12-01 22:28:14,4,4,0
2016-12-01 22:28:29,4,4,0
2016-12-01 22:28:44,4,4,0
2016-12-01 22:28:59,4,4,0
2016-12-01 22:29:14,4,4,0
2016-12-01 22:29:29,4,4,0
2016-12-01 22:29:44,4,4,0
2016-12-01 22:29:59,4,4,0
2016-12-01 22:30:14,4,4,0
2016-12-01 22:30:29,4,4,0
2016-12-01 22:30:44,4,4,0
2016-12-01 22:30:59,4,4,0
2016-12-01 22:31:14,4,4,0
2016-12-01 22:31:29,4,4,0
2016-12-01 22:31:44,4,4,0
2016-12-01 22:31:59,4,4,0
2016-12-01 22:32:14,4,4,0
2016-12-01 22:32:29,4,4,0
2016-12-01 22:32:44,4,4,0
2016-12-01 22:32:59,4,4,0
2016-12-01 22:33:14,4,4,0
2016-12-01 22:33:29,4,4,0
2016-12-01 22:33:44,4,4,0
2016-12-01 22:33:59,4,4,0
2016-12-01 22:34:14,4,4,0
2016-12-01 22:34:29,4,4,0
2016-12-01 22:34:44,4,4,0
2016-12-01 22:34:59,4,4,0
2016-12-01 22:35:14,4,4,0
2016-12-01 22:35:29,4,4,0
2016-12-01 22:35:44,4,4,0
2016-12-01 22:35:59,4,4,0
2016-12-01 22:36:14,4,4,0
2016-12-01 22:36:29,4,4,0
2016-12-01 22:36:44,4,4,0
2016-12-01 22:36:59,4,4,0
2016-12-01 22:37:14,4,4,0
2016-12-01 22:37:29,4,4,0
2016-12-01 22:37:44,4,4,0
2016-12-01 22:37:59,4,4,0
2016-12-01 22:38:14,4,4,0
2016-12-01 22:38:29,4,4,0
2016-12-01 22:38:44,4,4,0
2016-12-01 22:38:59,4,4,0
2016-12-01 22:39:14,4,4,0
2016-12-01 22:39:29,4,4,0
2016-12-01 22:39:44,4,4,0
2016-12-01 22:39:59,4,4,0
2016-12-01 22:40:14,4,4,0
2016-12-01 22:40:29,4,4,0
2016-12-01 22:40:44,4,4,0
2016-12-01 22:40:59,4,4,0
2016-12-01 22:41:14,4,4,0
2016-12-01 22:41:29,4,4,0
2016-12-01 22:41:44,4,4,0
2016-12-01 22:41:59,4,4,0
2016-12-01 22:42:14,4,4,0
2016-12-01 22:42:29,4,4,0
2016-12-01 22:42:44,4,4,0
2016-12-01 22:42:59,4,4,0
2016-12-01 22:43:14,4,4,0
2016-12-01 22:43:29,4,4,0
2016-12-01 22:43:44,4,4,0
2016-12-01 22:43:59,4,4,0
2016-12-01 22:44:14,4,4,0
2016-12-01 22:44:29,0,4,0
2016-12-01 22:44:44,0,4,0
2016-12-01 22:44:59,0,4,0
2016-12-01 22:45:14,0,4,0
2016-12-01 22:45:29,0,4,0
2016-12-01 22:45:44,0,4,0
2016-12-01 22:45:59,0,4,0
2016-12-01 22:46:14,0,4,0
2016-12-01 22:46:29,0,4,0
2016-12-01 22:46:44,0,4,0
2016-12-01 22:46:59,0,4,0
2016-12-01 22:47:14,0,4,0
2016-12-01 22:47:29,0,4,0
2016-12-01 22:47:44,0,4,0
2016-12-01 22:47:59,0,4,0
2016-12-01 22:48:14,0,4,0
2016-12-01 22:48:29,0,4,0
2016-12-01 22:48:44,0,4,0
2016-12-01 22:48:59,0,4,0
2016-12-01 22:49:14,0,4,0
2016-12-01 22:49:29,0,4,0
2016-12-01 22:49:44,0,4,0
2016-12-01 22:49:59,0,4,0
2016-12-01 22:50:14,0,4,0
2016-12-01 22:50:29,0,4,0
2016-12-01 22:50:44,0,4,0
2016-12-01 22:50:59,0,4,0
2016-12-01 22:51:14,0,4,0
2016-12-01 22:51:29,0,4,0
2016-12-01 22:51:44,0,4,0
2016-12-01 22:51:59,0,4,0
2016-12-01 22:52:14,0,4,0
2016-12-01 22:52:29,0,4,0
2016-12-01 22:52:44,0,4,0
2016-12-01 22:52:59,0,4,0
2016-12-01 22:53:14,0,4,0
2016-12-01 22:53:29,0,4,0
2016-12-01 22:53:44,0,4,0
2016-12-01 22:53:59,0,4,0
2016-12-01 22:54:14,0,4,0
2016-12-01 22:54:29,0,4,0
2016-12-01 22:54:44,0,4,0
2016-12-01 22:54:59,0,4,0
2016-12-01 22:55:14,0,4,0
2016-12-01 22:55:29,0,4,0
2016-12-01 22:55:44,0,4,0
2016-12-01 22:55:59,0,4,0
2016-12-01 22:56:14,0,4,0
2016-12-01 22:56:29,0,4,0
2016-12-01 22:56:44,0,4,0
2016-12-01 22:56:59,0,4,0
2016-12-01 22:57:14,0,4,0
2016-12-01 22:57:29,0,4,0
2016-12-01 22:57:44,0,4,0
2016-12-01 22:57:59,0,4,0
2016-12-01 22:58:14,0,4,0
2016-12-01 22:58:29,0,4,0
2016-12-01 22:58:44,0,4,0
2016-12-01 22:58:59,0,4,0
2016-12-01 22:59:14,0,4,0
2016-12-01 22:59:29,0,4,0
2016-12-01 22:59:44,0,4,0
2016-12-01 22:59:59,0,4,0
2016-12-01 23:00:14,0,4,0
2016-12-01 23:00:29,0,4,0
2016-12-01 23:00:44,0,4,0
2016-12-01 23:00:59,0,4,0
2016-12-01 23:01:14,0,4,0
2016-12-01 23:01:29,0,4,0
2016-12-01 23:01:44,0,4,0
2016-12-01 23:01:59,0,4,0
2016-12-01 23:02:14,0,4,0
2016-12-01 23:02:29,0,4,0
2016-12-01 23:02:44,0,4,0
2016-12-01 23:02:59,0,4,0
2016-12-01 23:03:14,0,4,0
2016-12-01 23:03:29,0,4,0
2016-12-01 23:03:44,0,4,0
2016-12-01 23:03:59,0,4,0
2016-12-01 23:04:14,0,4,0
2016-12-01 23:04:29,0,4,0
2016-12-01 23:04:44,0,4,0
2016-12-01 23:04:59,0,4,0
2016-12-01 23:05:14,0,4,0
2016-12-01 23:05:29,0,4,0
2016-12-01 23:05:44,0,4,0
2016-12-01 23:05:59,0,4,0
2016-12-01 23:06:14,0,4,0
2016-12-01 23:06:29,0,4,0
2016-12-01 23:06:44,0,4,0
2016-12-01 23:06:59,0,4,0
2016-12-01 23:07:14,0,4,0
2016-12-01 23:07:29,0,4,0
2016-12-01 23:07:44,0,4,0
2016-12-01 23:07:59,0,4,0
2016-12-01 23:08:14,0,4,0
2016-12-01 23:08:29,0,4,0
2016-12-01 23:08:44,0,4,0
2016-12-01 23:08:59,0,4,0
2016-12-01 23:09:14,0,4,0
2016-12-01 23:09:29,0,4,0
2016-12-01 23:09:44,0,4,0
2016-12-01 23:09:59,0,4,0
2016-12-01 23:10:14,0,4,0
2016-12-01 23:10:29,0,4,0
2016-12-01 23:10:44,0,4,0
2016-12-01 23:10:59,0,4,0
2016-12-01 23:11:14,0,4,0
2016-12-01 23:11:29,0,4,0
2016-12-01 23:11:44,0,4,0
2016-12-01 23:11:59,0,4,0
2016-12-01 23:12:14,0,4,0
2016-12-01 23:12:29,0,4,0
2016-12-01 23:12:44,0,4,0
2016-12-01 23:12:59,0,4,0
2016-12-01 23:13:14,0,4,0
2016-12-01 23:13:29,0,4,0
2016-12-01 23:13:44,0,4,0
2016-12-01 23:13:59,0,4,0
2016-12-01 23:14:14,0,4,0
2016-12-01 23:14:29,0,4,0
2016-12-01 23:14:44,0,4,0
2016-12-01 23:14:59,0,4,0
2016-12-01 23:15:14,0,4,0
2016-12-01 23:15:29,0,4,0
2016-12-01 23:15:44,0,4,0
2016-12-01 23:15:59,0,4,0
2016-12-01 23:16:14,0,4,0
2016-12-01 23:16:29,0,4,0
2016-12-01 23:16:44,0,4,0
2016-12-01 23:16:59,0,4,0
2016-12-01 23:17:14,0,4,0
2016-12-01 23:17:29,0,4,0
2016-12-01 23:17:44,0,4,0
2016-12-01 23:17:59,0,4,0
2016-12-01 23:18:14,0,4,0
2016-12-01 23:18:29,0,4,0
2016-12-01 23:18:44,0,4,0
2016-12-01 23:18:59,0,4,0
2016-12-01 23:19:14,0,4,0
2016-12-01 23:19:29,0,4,0
2016-12-01 23:19:44,0,4,0
2016-12-01 23:19:59,0,4,0
2016-12-01 23:20:14,0,4,0
2016-12-01 23:20:29,0,4,0
2016-12-01 23:20:44,0,4,0
2016-12-01 23:20:59,0,4,0
2016-12-01 23:21:14,0,4,0
2016-12-01 23:21:29,0,4,0
2016-12-01 23:21:44,0,4,0
2016-12-01 23:21:59,0,4,0
2016-12-01 23:22:14,0,4,0
2016-12-01 23:22:29,0,4,0
2016-12-01 23:22:44,0,4,0
2016-12-01 23:22:59,0,4,0
2016-12-01 23:23:14,0,4,0
2016-12-01 23:23:29,0,4,0
2016-12-01 23:23:44,0,4,0
2016-12-01 23:23:59,0,4,0
2016-12-01 23:24:14,0,4,0
2016-12-01 23:24:29,0,4,0
2016-12-01 23:24:44,0,4,0
2016-12-01 23:24:59,0,4,0
2016-12-01 23:25:14,0,4,0
2016-12-01 23:25:29,0,4,0
2016-12-01 23:25:44,0,4,0
2016-12-01 23:25:59,0,4,0
2016-12-01 23:26:14,0,4,0
2016-12-01 23:26:29,0,4,0
2016-12-01 23:26:44,0,4,0
2016-12-01 23:26:59,0,4,0
2016-12-01 23:27:14,0,4,0
2016-12-01 23:27:29,0,4,0
2016-12-01 23:27:44,0,4,0
2016-12-01 23:27:59,0,4,0
2016-12-01 23:28:14,0,4,0
2016-12-01 23:28:29,0,4,0
2016-12-01 23:28:44,0,4,0
2016-12-01 23:28:59,0,4,0
2016-12-01 23:29:14,0,4,0
2016-12-01 23:29:29,0,4,0
2016-12-01 23:29:44,0,4,0
2016-12-01 23:29:59,0,4,0
2016-12-01 23:30:14,0,4,0
2016-12-01 23:30:29,0,4,0
2016-12-01 23:30:44,0,4,0
2016-12-01 23:30:59,0,4,0
2016-12-01 23:31:14,0,4,0
2016-12-01 23:31:29,0,4,0
2016-12-01 23:31:44,0,4,0
2016-12-01 23:31:59,0,4,0
2016-12-01 23:32:14,0,4,0
2016-12-01 23:32:29,0,4,0
2016-12-01 23:32:44,0,4,0
2016-12-01 23:32:59,0,4,0
2016-12-01 23:33:14,0,4,0
2016-12-01 23:33:29,0,4,0
2016-12-01 23:33:44,0,4,0
2016-12-01 23:33:59,0,4,0
2016-12-01 23:34:14,0,4,0
2016-12-01 23:34:29,0,4,0
2016-12-01 23:34:44,0,4,0
2016-12-01 23:34:59,0,4,0
2016-12-01 23:35:14,0,4,0
2016-12-01 23:35:29,0,4,0
2016-12-01 23:35:44,0,4,0
2016-12-01 23:35:59,0,4,0
2016-12-01 23:36:14,0,4,0
2016-12-01 23:36:29,0,4,0
2016-12-01 23:36:44,0,4,0
2016-12-01 23:36:59,0,4,0
2016-12-01 23:37:14,0,4,0
2016-12-01 23:37:29,0,4,0
2016-12-01 23:37:44,0,4,0
2016-12-01 23:37:59,0,4,0
2016-12-01 23:38:14,0,4,0
2016-12-01 23:38:29,0,4,0
2016-12-01 23:38:44,0,4,0
2016-12-01 23:38:59,0,4,0
2016-12-01 23:39:14,0,4,0
2016-12-01 23:39:29,0,4,0
2016-12-01 23:39:44,0,4,0
2016-12-01 23:39:59,0,4,0
2016-12-01 23:40:14,0,4,0
2016-12-01 23:40:29,0,4,0
2016-12-01 23:40:44,0,4,0
2016-12-01 23:40:59,0,4,0
2016-12-01 23:41:14,0,4,0
2016-12-01 23:41:29,0,4,0
2016-12-01 23:41:44,0,4,0
2016-12-01 23:41:59,0,4,0
2016-12-01 23:42:14,0,4,0
2016-12-01 23:42:29,0,4,0
2016-12-01 23:42:44,0,4,0
2016-12-01 23:42:59,0,4,0
2016-12-01 23:43:14,0,4,0
2016-12-01 23:43:29,0,4,0
2016-12-01 23:43:44,0,4,0
2016-12-01 23:43:59,0,4,0
2016-12-01 23:44:14,0,4,0
2016-12-01 23:44:29,0,4,0
2016-12-01 23:44:44,0,4,0
2016-12-01 23:44:59,0,4,0
2016-12-01 23:45:14,0,4,0
2016-12-01 23:45:29,0,0,0
2016-12-01 23:45:44,0,0,0
2016-12-01 23:45:59,0,0,0
2016-12-01 23:46:14,0,0,0
2016-12-01 23:46:29,0,0,0
2016-12-01 23:46:44,0,0,0
2016-12-01 23:46:59,0,0,0
2016-12-01 23:47:14,0,0,0
2016-12-01 23:47:29,0,0,0
2016-12-01 23:47:44,0,0,0
2016-12-01 23:47:59,0,0,0
2016-12-01 23:48:14,0,0,0
2016-12-01 23:48:29,0,0,0
2016-12-01 23:48:44,0,0,0
2016-12-01 23:48:59,0,0,0
2016-12-01 23:49:14,0,0,0
2016-12-01 23:49:29,0,0,0
2016-12-01 23:49:44,0,0,0
2016-12-01 23:49:59,0,0,0
2016-12-01 23:50:14,0,0,0
2016-12-01 23:50:29,0,0,0
2016-12-01 23:50:44,0,0,0
2016-12-01 23:50:59,0,0,0
2016-12-01 23:51:14,0,0,0
2016-12-01 23:51:29,0,0,0
2016-12-01 23:51:44,0,0,0
2016-12-01 23:51:59,0,0,0
2016-12-01 23:52:14,0,0,0
2016-12-01 23:52:29,0,0,0
2016-12-01 23:52:44,0,0,0
2016-12-01 23:52:59,0,0,0
2016-12-01 23:53:14,0,0,0
2016-12-01 23:53:29,0,0,0
2016-12-01 23:53:44,0,0,0
2016-12-01 23:53:59,0,0,0
2016-12-01 23:54:14,0,0,0
2016-12-01 23:54:29,0,0,0
2016-12-01 23:54:44,0,0,0
2016-12-01 23:54:59,0,0,0
2016-12-01 23:55:14,0,0,0
2016-12-01 23:55:29,0,0,0
2016-12-01 23:55:44,0,0,0
2016-12-01 23:55:59,0,0,0
2016-12-01 23:56:14,0,0,0
2016-12-01 23:56:29,0,0,0
2016-12-01 23:56:44,0,0,0
2016-12-01 23:56:59,0,0,0
2016-12-01 23:57:14,0,0,0
2016-12-01 23:57:29,0,0,0
2016-12-01 23:57:44,0,0,0
2016-12-01 23:57:59,0,0,0
2016-12-01 23:58:14,0,0,0
2016-12-01 23:58:29,0,0,0
2016-12-01 23:58:44,0,0,0
2016-12-01 23:58:59,0,0,0
2016-12-01 23:59:14,0,0,0
2016-12-01 23:59:29,0,0,0
2016-12-01 23:59:44,0,0,0
2016-12-01 23:59:59,0,0,0
2016-12-02 00:00:14,0,0,0
2016-12-02 00:00:29,0,0,0
2016-12-02 00:00:44,0,0,0
2016-12-02 00:00:59,0,0,0
2016-12-02 00:01:14,0,0,0
2016-12-02 00:01:29,0,0,0
2016-12-02 00:01:44,0,0,0
2016-12-02 00:01:59,0,0,0
2016-12-02 00:02:14,0,0,0
2016-12-02 00:02:29,0,0,0
2016-12-02 00:02:44,0,0,0
2016-12-02 00:02:59,0,0,0
2016-12-02 00:03:14,0,0,0
2016-12-02 00:03:29,0,0,0
2016-12-02 00:03:44,0,0,0
2016-12-02 00:03:59,0,0,0
2016-12-02 00:04:14,0,0,0
2016-12-02 00:04:29,0,0,0
2016-12-02 00:04:44,0,0,0
2016-12-02 00:04:59,0,0,0
2016-12-02 00:05:14,0,0,0
2016-12-02 00:05:29,0,0,0
2016-12-02 00:05:44,0,0,0
2016-12-02 00:05:59,0,0,0
2016-12-02 00:06:14,0,0,0
2016-12-02 00:06:29,0,0,0
2016-12-02 00:06:44,0,0,0
2016-12-02 00:06:59,0,0,0
2016-12-02 00:07:14,0,0,0
2016-12-02 00:07:29,0,0,0
2016-12-02 00:07:44,0,0,0
2016-12-02 00:07:59,0,0,0
2016-12-02 00:08:14,0,0,0
2016-12-02 00:08:29,0,0,0
2016-12-02 00:08:44,0,0,0
2016-12-02 00:08:59,0,0,0
2016-12-02 00:09:14,0,0,0
2016-12-02 00:09:29,0,0,0
2016-12-02 00:09:44,0,0,0
2016-12-02 00:09:59,0,0,0
2016-12-02 00:10:14,0,0,0
2016-12-02 00:10:29,0,0,0
2016-12-02 00:10:44,0,0,0
2016-12-02 00:10:59,0,0,0
2016-12-02 00:11:14,0,0,0
2016-12-02 00:11:29,0,0,0
2016-12-02 00:11:44,0,0,0
2016-12-02 00:11:59,0,0,0
2016-12-02 00:12:14,0,0,0
2016-12-02 00:12:29,0,0,0
2016-12-02 00:12:44,0,0,0
2016-12-02 00:12:59,0,0,0
2016-12-02 00:13:14,0,0,0
2016-12-02 00:13:29,0,0,0
2016-12-02 00:13:44,0,0,0
2016-12-02 00:13:59,0,0,0
2016-12-02 00:14:14,0,0,0
2016-12-02 00:14:29,0,0,0
2016-12-02 00:14:44,0,0,0
2016-12-02 00:14:59,0,0,0
2016-12-02 00:15:14,0,0,0
2016-12-02 00:15:29,0,0,0
2016-12-02 00:15:44,0,0,0
2016-12-02 00:15:59,0,0,0
2016-12-02 00:16:14,0,0,0
2016-12-02 00:16:29,0,0,0
2016-12-02 00:16:44,0,0,0
2016-12-02 00:16:59,0,0,0
2016-12-02 00:17:14,0,0,0
2016-12-02 00:17:29,0,0,0
2016-12-02 00:17:44,0,0,0
2016-12-02 00:17:59,0,0,0
2016-12-02 00:18:14,0,0,0
2016-12-02 00:18:29,0,0,0
2016-12-02 00:18:44,0,0,0
2016-12-02 00:18:59,0,0,0
2016-12-02 00:19:14,0,0,0
2016-12-02 00:19:29,0,0,0
2016-12-02 00:19:44,0,0,0
2016-12-02 00:19:59,0,0,0
2016-12-02 00:20:14,0,0,0
2016-12-02 00:20:29,0,0,0
2016-12-02 00:20:44,0,0,0
2016-12-02 00:20:59,0,0,0
2016-12-02 00:21:14,0,0,0
2016-12-02 00:21:29,0,0,0
2016-12-02 00:21:44,0,0,0
2016-12-02 00:21:59,0,0,0
2016-12-02 00:22:14,0,0,0
2016-12-02 00:22:29,0,0,0
2016-12-02 00:22:44,0,0,0
2016-12-02 00:22:59,0,0,0
2016-12-02 00:23:14,0,0,0
2016-12-02 00:23:29,0,0,0
2016-12-02 00:23:44,0,0,0
2016-12-02 00:23:59,0,0,0
2016-12-02 00:24:14,0,0,0
2016-12-02 00:24:29,0,0,0
2016-12-02 00:24:44,0,0,0
2016-12-02 00:24:59,0,0,0
2016-12-02 00:25:14,0,0,0
2016-12-02 00:25:29,0,0,0
2016-12-02 00:25:44,0,0,0
2016-12-02 00:25:59,0,0,0
2016-12-02 00:26:14,0,0,0
2016-12-02 00:26:29,0,0,0
2016-12-02 00:26:44,0,0,0
2016-12-02 00:26:59,0,0,0
2016-12-02 00:27:14,0,0,0
2016-12-02 00:27:29,0,0,0
2016-12-02 00:27:44,0,0,0
2016-12-02 00:27:59,0,0,0
2016-12-02 00:28:14,0,0,0
2016-12-02 00:28:29,0,0,0
2016-12-02 00:28:44,0,0,0
2016-12-02 00:28:59,0,0,0
2016-12-02 00:29:14,0,0,0
2016-12-02 00:29:29,0,0,0
2016-12-02 00:29:44,0,0,0
2016-12-02 00:29:59,0,0,0
2016-12-02 00:30:14,0,0,0
2016-12-02 00:30:29,0,0,0
2016-12-02 00:30:44,0,0,0
2016-12-02 00:30:59,0,0,0
2016-12-02 00:31:14,0,0,0
2016-12-02 00:31:29,0,0,0
2016-12-02 00:31:44,0,0,0
2016-12-02 00:31:59,0,0,0
2016-12-02 00:32:14,0,0,0
2016-12-02 00:32:29,0,0,0
2016-12-02 00:32:44,0,0,0
2016-12-02 00:32:59,0,0,0
2016-12-02 00:33:14,0,0,0
2016-12-02 00:33:29,0,0,0
2016-12-02 00:33:44,0,0,0
2016-12-02 00:33:59,0,0,0
2016-12-02 00:34:14,0,0,0
2016-12-02 00:34:29,0,0,0
2016-12-02 00:34:44,0,0,0
2016-12-02 00:34:59,0,0,0
2016-12-02 00:35:14,0,0,0
2016-12-02 00:35:29,0,0,0
2016-12-02 00:35:44,0,0,0
2016-12-02 00:35:59,0,0,0
2016-12-02 00:36:14,0,0,0
2016-12-02 00:36:29,0,0,0
2016-12-02 00:36:44,0,0,0
2016-12-02 00:36:59,0,0,0
2016-12-02 00:37:14,0,0,0
2016-12-02 00:37:29,0,0,0
2016-12-02 00:37:44,0,0,0
2016-12-02 00:37:59,0,0,0
2016-12-02 00:38:14,0,0,0
2016-12-02 00:38:29,0,0,0
2016-12-02 00:38:44,0,0,0
2016-12-02 00:38:59,0,0,0
2016-12-02 00:39:14,0,0,0
2016-12-02 00:39:29,0,0,0
2016-12-02 00:39:44,0,0,0
2016-12-02 00:39:59,0,0,0
2016-12-02 00:40:14,0,0,0
2016-12-02 00:40:29,0,0,0
2016-12-02 00:40:44,0,0,0
2016-12-02 00:40:59,0,0,0
2016-12-02 00:41:14,0,0,0
2016-12-02 00:41:29,0,0,0
2016-12-02 00:41:44,0,0,0
2016-12-02 00:41:59,0,0,0
2016-12-02 00:42:14,0,0,0
2016-12-02 00:42:29,0,0,0
2016-12-02 00:42:44,0,0,0
2016-12-02 00:42:59,0,0,0
2016-12-02 00:43:14,0,0,0
2016-12-02 00:43:29,0,0,0
2016-12-02 00:43:44,0,0,0
2016-12-02 00:43:59,0,0,0
2016-12-02 00:44:14,0,0,0
2016-12-02 00:44:29,0,0,0
2016-12-02 00:44:44,0,0,0
2016-12-02 00:44:59,0,0,0
2016-12-02 00:45:14,0,0,0
2016-12-02 00:45:29,0,0,0
2016-12-02 00:45:44,0,0,0
2016-12-02 00:45:59,0,0,0
2016-12-02 00:46:14,0,0,0
2016-12-02 00:46:29,0,0,0
2016-12-02 00:46:44,0,0,0
2016-12-02 00:46:59,0,0,0
2016-12-02 00:47:14,0,0,0
2016-12-02 00:47:29,0,0,0
2016-12-02 00:47:44,0,0,0
2016-12-02 00:47:59,0,0,0
2016-12-02 00:48:14,0,0,0
2016-12-02 00:48:29,0,0,0
2016-12-02 00:48:44,0,0,0
2016-12-02 00:48:59,0,0,0
2016-12-02 00:49:14,0,0,0
2016-12-02 00:49:29,0,0,0
2016-12-02 00:49:44,0,0,0
2016-12-02 00:49:59,0,0,0
2016-12-02 00:50:14,0,0,0
2016-12-02 00:50:29,0,0,0
2016-12-02 00:50:44,0,0,0
2016-12-02 00:50:59,0,0,0
2016-12-02 00:51:14,0,0,0
2016-12-02 00:51:29,0,0,0
2016-12-02 00:51:44,0,0,0
2016-12-02 00:51:59,0,0,0
2016-12-02 00:52:14,0,0,0
2016-12-02 00:52:29,0,0,0
2016-12-02 00:52:44,0,0,0
2016-12-02 00:52:59,0,0,0
2016-12-02 00:53:14,0,0,0
2016-12-02 00:53:29,0,0,0
2016-12-02 00:53:44,0,0,0
2016-12-02 00:53:59,0,0,0
2016-12-02 00:54:14,0,0,0
2016-12-02 00:54:29,0,0,0
2016-12-02 00:54:44,0,0,0
2016-12-02 00:54:59,0,0,0
2016-12-02 00:55:14,0,0,0
2016-12-02 00:55:29,0,0,0
2016-12-02 00:55:44,0,0,0
2016-12-02 00:55:59,0,0,0
2016-12-02 00:56:14,0,0,0
2016-12-02 00:56:29,0,0,0
2016-12-02 00:56:44,0,0,0
2016-12-02 00:56:59,0,0,0
2016-12-02 00:57:14,0,0,0
2016-12-02 00:57:29,0,0,0
2016-12-02 00:57:44,0,0,0
2016-12-02 00:57:59,0,0,0
2016-12-02 00:58:14,0,0,0
2016-12-02 00:58:29,0,0,0
2016-12-02 00:58:44,0,0,0
2016-12-02 00:58:59,0,0,0
2016-12-02 00:59:14,0,0,0
2016-12-02 00:59:29,0,0,0
2016-12-02 00:59:44,0,0,0
2016-12-02 00:59:59,0,0,0
2016-12-02 01:00:14,0,0,0
2016-12-02 01:00:29,0,0,0
2016-12-02 01:00:44,0,0,0
2016-12-02 01:00:59,0,0,0
2016-12-02 01:01:14,0,0,0
2016-12-02 01:01:29,0,0,0
2016-12-02 01:01:44,0,0,0
2016-12-02 01:01:59,0,0,0
2016-12-02 01:02:14,0,0,0
2016-12-02 01:02:29,0,0,0
2016-12-02 01:02:44,0,0,0
2016-12-02 01:02:59,0,0,0
2016-12-02 01:03:14,0,0,0
2016-12-02 01:03:29,0,0,0
2016-12-02 01:03:44,0,0,0
2016-12-02 01:03:59,0,0,0
2016-12-02 01:04:14,0,0,0
2016-12-02 01:04:29,0,0,0
2016-12-02 01:04:44,0,0,0
2016-12-02 01:04:59,0,0,0
2016-12-02 01:05:14,0,0,0
2016-12-02 01:05:29,0,0,0
2016-12-02 01:05:44,0,0,0
2016-12-02 01:05:59,0,0,0
2016-12-02 01:06:14,0,0,0
2016-12-02 01:06:29,0,0,0
2016-12-02 01:06:44,0,0,0
2016-12-02 01:06:59,0,0,0
2016-12-02 01:07:14,0,0,0
2016-12-02 01:07:29,0,0,0
2016-12-02 01:07:44,0,0,0
2016-12-02 01:07:59,0,0,0
2016-12-02 01:08:14,0,0,0
2016-12-02 01:08:29,0,0,0
2016-12-02 01:08:44,0,0,0
2016-12-02 01:08:59,0,0,0
2016-12-02 01:09:14,0,0,0
2016-12-02 01:09:29,0,0,0
2016-12-02 01:09:44,0,0,0
2016-12-02 01:09:59,0,0,0
2016-12-02 01:10:14,0,0,0
2016-12-02 01:10:29,0,0,0
2016-12-02 01:10:44,0,0,0
2016-12-02 01:10:59,0,0,0
2016-12-02 01:11:14,0,0,0
2016-12-02 01:11:29,0,0,0
2016-12-02 01:11:44,0,0,0
2016-12-02 01:11:59,0,0,0
2016-12-02 01:12:14,0,0,0
2016-12-02 01:12:29,0,0,0
2016-12-02 01:12:44,0,0,0
2016-12-02 01:12:59,0,0,0
2016-12-02 01:13:14,0,0,0
2016-12-02 01:13:29,0,0,0
2016-12-02 01:13:44,0,0,0
2016-12-02 01:13:59,0,0,0
2016-12-02 01:14:14,0,0,0
2016-12-02 01:14:29,0,0,0
2016-12-02 01:14:44,0,0,0
2016-12-02 01:14:59,0,0,0
2016-12-02 01:15:14,0,0,0
2016-12-02 01:15:29,0,0,0
2016-12-02 01:15:44,0,0,0
2016-12-02 01:15:59,0,0,0
2016-12-02 01:16:14,0,0,0
2016-12-02 01:16:29,0,0,0
2016-12-02 01:16:44,0,0,0
2016-12-02 01:16:59,0,0,0
2016-12-02 01:17:14,0,0,0
2016-12-02 01:17:29,0,0,0
2016-12-02 01:17:44,0,0,0
2016-12-02 01:17:59,0,0,0
2016-12-02 01:18:14,0,0,0
2016-12-02 01:18:29,0,0,0
2016-12-02 01:18:44,0,0,0
2016-12-02 01:18:59,0,0,0
2016-12-02 01:19:14,0,0,0
2016-12-02 01:19:29,0,0,0
2016-12-02 01:19:44,0,0,0
2016-12-02 01:19:59,0,0,0
2016-12-02 01:20:14,0,0,0
2016-12-02 01:20:29,0,0,0
2016-12-02 01:20:44,0,0,0
2016-12-02 01:20:59,0,0,0
2016-12-02 01:21:14,0,0,0
2016-12-02 01:21:29,0,0,0
2016-12-02 01:21:44,0,0,0
2016-12-02 01:21:59,0,0,0
2016-12-02 01:22:14,0,0,0
2016-12-02 01:22:29,0,0,0
2016-12-02 01:22:44,0,0,0
2016-12-02 01:22:59,0,0,0
2016-12-02 01:23:14,0,0,0
2016-12-02 01:23:29,0,0,0
2016-12-02 01:23:44,0,0,0
2016-12-02 01:23:59,0,0,0
2016-12-02 01:24:14,0,0,0
2016-12-02 01:24:29,0,0,0
2016-12-02 01:24:44,0,0,0
2016-12-02 01:24:59,0,0,0
2016-12-02 01:25:14,0,0,0
2016-12-02 01:25:29,0,0,0
2016-12-02 01:25:44,0,0,0
2016-12-02 01:25:59,0,0,0
2016-12-02 01:26:14,0,0,0
2016-12-02 01:26:29,0,0,0
2016-12-02 01:26:44,0,0,0
2016-12-02 01:26:59,0,0,0
2016-12-02 01:27:14,0,0,0
2016-12-02 01:27:29,0,0,0
2016-12-02 01:27:44,0,0,0
2016-12-02 01:27:59,0,0,0
2016-12-02 01:28:14,0,0,0
2016-12-02 01:28:29,0,0,0
2016-12-02 01:28:44,0,0,0
2016-12-02 01:28:59,0,0,0
2016-12-02 01:29:14,0,0,0
2016-12-02 01:29:29,0,0,0
2016-12-02 01:29:44,0,0,0
2016-12-02 01:29:59,0,0,0
2016-12-02 01:30:14,0,0,0
2016-12-02 01:30:29,0,0,0
2016-12-02 01:30:44,0,0,0
2016-12-02 01:30:59,0,0,0
2016-12-02 01:31:14,0,0,0
2016-12-02 01:31:29,0,0,0
2016-12-02 01:31:44,0,0,0
2016-12-02 01:31:59,0,0,0
2016-12-02 01:32:14,0,0,0
2016-12-02 01:32:29,0,0,0
2016-12-02 01:32:44,0,0,0
2016-12-02 01:32:59,0,0,0
2016-12-02 01:33:14,0,0,0
2016-12-02 01:33:29,0,0,0
2016-12-02 01:33:44,0,0,0
2016-12-02 01:33:59,0,0,0
2016-12-02 01:34:14,0,0,0
2016-12-02 01:34:29,0,0,0
2016-12-02 01:34:44,0,0,0
2016-12-02 01:34:59,0,0,0
2016-12-02 01:35:14,0,0,0
2016-12-02 01:35:29,0,0,0
2016-12-02 01:35:44,0,0,0
2016-12-02 01:35:59,0,0,0
2016-12-02 01:36:14,0,0,0
2016-12-02 01:36:29,0,0,0
2016-12-02 01:36:44,0,0,0
2016-12-02 01:36:59,0,0,0
2016-12-02 01:37:14,0,0,0
2016-12-02 01:37:29,0,0,0
2016-12-02 01:37:44,0,0,0
2016-12-02 01:37:59,0,0,0
2016-12-02 01:38:14,0,0,0
2016-12-02 01:38:29,0,0,0
2016-12-02 01:38:44,0,0,0
2016-12-02 01:38:59,0,0,0
2016-12-02 01:39:14,0,0,0
2016-12-02 01:39:29,0,0,0
2016-12-02 01:39:44,0,0,0
2016-12-02 01:39:59,0,0,0
2016-12-02 01:40:14,0,0,0
2016-12-02 01:40:29,0,0,0
2016-12-02 01:40:44,0,0,0
2016-12-02 01:40:59,0,0,0
2016-12-02 01:41:14,0,0,0
2016-12-02 01:41:29,0,0,0
2016-12-02 01:41:44,0,0,0
2016-12-02 01:41:59,0,0,0
2016-12-02 01:42:14,0,0,0
2016-12-02 01:42:29,0,0,0
2016-12-02 01:42:44,0,0,0
2016-12-02 01:42:59,0,0,0
2016-12-02 01:43:14,0,0,0
2016-12-02 01:43:29,0,0,0
2016-12-02 01:43:44,0,0,0
2016-12-02 01:43:59,0,0,0
2016-12-02 01:44:14,0,0,0
2016-12-02 01:44:29,0,0,0
2016-12-02 01:44:44,0,0,0
2016-12-02 01:44:59,0,0,0
2016-12-02 01:45:14,0,0,0
2016-12-02 01:45:29,0,0,0
2016-12-02 01:45:44,0,0,0
2016-12-02 01:45:59,0,0,0
2016-12-02 01:46:14,0,0,0
2016-12-02 01:46:29,0,0,0
2016-12-02 01:46:44,0,0,0
2016-12-02 01:46:59,0,0,0
2016-12-02 01:47:14,0,0,0
2016-12-02 01:47:29,0,0,0
2016-12-02 01:47:44,0,0,0
2016-12-02 01:47:59,0,0,0
2016-12-02 01:48:14,0,0,0
2016-12-02 01:48:29,0,0,0
2016-12-02 01:48:44,0,0,0
2016-12-02 01:48:59,0,0,0
2016-12-02 01:49:14,0,0,0
2016-12-02 01:49:29,0,0,0
2016-12-02 01:49:44,0,0,0
2016-12-02 01:49:59,0,0,0
2016-12-02 01:50:14,0,0,0
2016-12-02 01:50:29,0,0,0
2016-12-02 01:50:44,0,0,0
2016-12-02 01:50:59,0,0,0
2016-12-02 01:51:14,0,0,0
2016-12-02 01:51:29,0,0,0
2016-12-02 01:51:44,0,0,0
2016-12-02 01:51:59,0,0,0
2016-12-02 01:52:14,0,0,0
2016-12-02 01:52:29,0,0,0
2016-12-02 01:52:44,0,0,0
2016-12-02 01:52:59,0,0,0
2016-12-02 01:53:14,0,0,0
2016-12-02 01:53:29,0,0,0
2016-12-02 01:53:44,0,0,0
2016-12-02 01:53:59,0,0,0
2016-12-02 01:54:14,0,0,0
2016-12-02 01:54:29,0,0,0
2016-12-02 01:54:44,0,0,0
2016-12-02 01:54:59,0,0,0
2016-12-02 01:55:14,0,0,0
2016-12-02 01:55:29,0,0,0
2016-12-02 01:55:44,0,0,0
2016-12-02 01:55:59,0,0,0
2016-12-02 01:56:14,0,0,0
2016-12-02 01:56:29,0,0,0
2016-12-02 01:56:44,0,0,0
2016-12-02 01:56:59,0,0,0
2016-12-02 01:57:14,0,0,0
2016-12-02 01:57:29,0,0,0
2016-12-02 01:57:44,0,0,0
2016-12-02 01:57:59,0,0,0
2016-12-02 01:58:14,0,0,0
2016-12-02 01:58:29,0,0,0
2016-12-02 01:58:44,0,0,0
2016-12-02 01:58:59,0,0,0
2016-12-02 01:59:14,0,0,0
2016-12-02 01:59:29,0,0,0
2016-12-02 01:59:44,0,0,0
2016-12-02 01:59:59,0,0,0
2016-12-02 02:00:14,0,0,0
2016-12-02 02:00:29,0,0,0
2016-12-02 02:00:44,0,0,0
2016-12-02 02:00:59,0,0,0
2016-12-02 02:01:14,0,0,0
2016-12-02 02:01:29,0,0,0
2016-12-02 02:01:44,0,0,0
2016-12-02 02:01:59,0,0,0
2016-12-02 02:02:14,0,0,0
2016-12-02 02:02:29,0,0,0
2016-12-02 02:02:44,0,0,0
2016-12-02 02:02:59,0,0,0
2016-12-02 02:03:14,0,0,0
2016-12-02 02:03:29,0,0,0
2016-12-02 02:03:44,0,0,0
2016-12-02 02:03:59,0,0,0
2016-12-02 02:04:14,0,0,0
2016-12-02 02:04:29,0,0,0
2016-12-02 02:04:44,0,0,0
2016-12-02 02:04:59,0,0,0
2016-12-02 02:05:14,0,0,0
2016-12-02 02:05:29,0,0,0
2016-12-02 02:05:44,0,0,0
2016-12-02 02:05:59,0,0,0
2016-12-02 02:06:14,0,0,0
2016-12-02 02:06:29,0,0,0
2016-12-02 02:06:44,0,0,0
2016-12-02 02:06:59,0,0,0
2016-12-02 02:07:14,0,0,0
2016-12-02 02:07:29,0,0,0
2016-12-02 02:07:44,0,0,0
2016-12-02 02:07:59,0,0,0
2016-12-02 02:08:14,0,0,0
2016-12-02 02:08:29,0,0,0
2016-12-02 02:08:44,0,0,0
2016-12-02 02:08:59,0,0,0
2016-12-02 02:09:14,0,0,0
2016-12-02 02:09:29,0,0,0
2016-12-02 02:09:44,0,0,0
2016-12-02 02:09:59,0,0,0
2016-12-02 02:10:14,0,0,0
2016-12-02 02:10:29,0,0,0
2016-12-02 02:10:44,0,0,0
2016-12-02 02:10:59,0,0,0
2016-12-02 02:11:14,0,0,0
2016-12-02 02:11:29,0,0,0
2016-12-02 02:11:44,0,0,0
2016-12-02 02:11:59,0,0,0
2016-12-02 02:12:14,0,0,0
2016-12-02 02:12:29,0,0,0
2016-12-02 02:12:44,0,0,0
2016-12-02 02:12:59,0,0,0
2016-12-02 02:13:14,0,0,0
2016-12-02 02:13:29,0,0,0
2016-12-02 02:13:44,0,0,0
2016-12-02 02:13:59,0,0,0
2016-12-02 02:14:14,0,0,0
2016-12-02 02:14:29,0,0,0
2016-12-02 02:14:44,0,0,0
2016-12-02 02:14:59,0,0,0
2016-12-02 02:15:14,0,0,0
2016-12-02 02:15:29,0,0,0
2016-12-02 02:15:44,0,0,0
2016-12-02 02:15:59,0,0,0
2016-12-02 02:16:14,0,0,0
2016-12-02 02:16:29,0,0,0
2016-12-02 02:16:44,0,0,0
2016-12-02 02:16:59,0,0,0
2016-12-02 02:17:14,0,0,0
2016-12-02 02:17:29,0,0,0
2016-12-02 02:17:44,0,0,0
2016-12-02 02:17:59,0,0,0
2016-12-02 02:18:14,0,0,0
2016-12-02 02:18:29,0,0,0
2016-12-02 02:18:44,0,0,0
2016-12-02 02:18:59,0,0,0
2016-12-02 02:19:14,0,0,0
2016-12-02 02:19:29,0,0,0
2016-12-02 02:19:44,0,0,0
2016-12-02 02:19:59,0,0,0
2016-12-02 02:20:14,0,0,0
2016-12-02 02:20:29,0,0,0
2016-12-02 02:20:44,0,0,0
2016-12-02 02:20:59,0,0,0
2016-12-02 02:21:14,0,0,0
2016-12-02 02:21:29,0,0,0
2016-12-02 02:21:44,0,0,0
2016-12-02 02:21:59,0,0,0
2016-12-02 02:22:14,0,0,0
2016-12-02 02:22:29,0,0,0
2016-12-02 02:22:44,0,0,0
2016-12-02 02:22:59,0,0,0
2016-12-02 02:23:14,0,0,0
2016-12-02 02:23:29,0,0,0
2016-12-02 02:23:44,0,0,0
2016-12-02 02:23:59,0,0,0
2016-12-02 02:24:14,0,0,0
2016-12-02 02:24:29,0,0,0
2016-12-02 02:24:44,0,0,0
2016-12-02 02:24:59,0,0,0
2016-12-02 02:25:14,0,0,0
2016-12-02 02:25:29,0,0,0
2016-12-02 02:25:44,0,0,0
2016-12-02 02:25:59,0,0,0
2016-12-02 02:26:14,0,0,0
2016-12-02 02:26:29,0,0,0
2016-12-02 02:26:44,0,0,0
2016-12-02 02:26:59,0,0,0
2016-12-02 02:27:14,0,0,0
2016-12-02 02:27:29,0,0,0
2016-12-02 02:27:44,0,0,0
2016-12-02 02:27:59,0,0,0
2016-12-02 02:28:14,0,0,0
2016-12-02 02:28:29,0,0,0
2016-12-02 02:28:44,0,0,0
2016-12-02 02:28:59,0,0,0
2016-12-02 02:29:14,0,0,0
2016-12-02 02:29:29,0,0,0
2016-12-02 02:29:44,0,0,0
2016-12-02 02:29:59,0,0,0
2016-12-02 02:30:14,0,0,0
2016-12-02 02:30:29,0,0,0
2016-12-02 02:30:44,0,0,0
2016-12-02 02:30:59,0,0,0
2016-12-02 02:31:14,0,0,0
2016-12-02 02:31:29,0,0,0
2016-12-02 02:31:44,0,0,0
2016-12-02 02:31:59,0,0,0
2016-12-02 02:32:14,0,0,0
2016-12-02 02:32:29,0,0,0
2016-12-02 02:32:44,0,0,0
2016-12-02 02:32:59,0,0,0
2016-12-02 02:33:14,0,0,0
2016-12-02 02:33:29,0,0,0
2016-12-02 02:33:44,0,0,0
2016-12-02 02:33:59,0,0,0
2016-12-02 02:34:14,0,0,0
2016-12-02 02:34:29,0,0,0
2016-12-02 02:34:44,0,0,0
2016-12-02 02:34:59,0,0,0
2016-12-02 02:35:14,0,0,0
2016-12-02 02:35:29,0,0,0
2016-12-02 02:35:44,0,0,0
2016-12-02 02:35:59,0,0,0
2016-12-02 02:36:14,0,0,0
2016-12-02 02:36:29,0,0,0
2016-12-02 02:36:44,0,0,0
2016-12-02 02:36:59,0,0,0
2016-12-02 02:37:14,0,0,0
2016-12-02 02:37:29,0,0,0
2016-12-02 02:37:44,0,0,0
2016-12-02 02:37:59,0,0,0
2016-12-02 02:38:14,0,0,0
2016-12-02 02:38:29,0,0,0
2016-12-02 02:38:44,0,0,0
2016-12-02 02:38:59,0,0,0
2016-12-02 02:39:14,0,0,0
2016-12-02 02:39:29,0,0,0
2016-12-02 02:39:44,0,0,0
2016-12-02 02:39:59,0,0,0
2016-12-02 02:40:14,0,0,0
2016-12-02 02:40:29,0,0,0
2016-12-02 02:40:44,0,0,0
2016-12-02 02:40:59,0,0,0
2016-12-02 02:41:14,0,0,0
2016-12-02 02:41:29,0,0,0
2016-12-02 02:41:44,0,0,0
2016-12-02 02:41:59,0,0,0
2016-12-02 02:42:14,0,0,0
2016-12-02 02:42:29,0,0,0
2016-12-02 02:42:44,0,0,0
2016-12-02 02:42:59,0,0,0
2016-12-02 02:43:14,0,0,0
2016-12-02 02:43:29,0,0,0
2016-12-02 02:43:44,0,0,0
2016-12-02 02:43:59,0,0,0
2016-12-02 02:44:14,0,0,0
2016-12-02 02:44:29,0,0,0
2016-12-02 02:44:44,0,0,0
2016-12-02 02:44:59,0,0,0
2016-12-02 02:45:14,0,0,0
2016-12-02 02:45:29,0,0,0
2016-12-02 02:45:44,0,0,0
2016-12-02 02:45:59,0,0,0
2016-12-02 02:46:14,0,0,0
2016-12-02 02:46:29,0,0,0
2016-12-02 02:46:44,0,0,0
2016-12-02 02:46:59,0,0,0
2016-12-02 02:47:14,0,0,0
2016-12-02 02:47:29,0,0,0
2016-12-02 02:47:44,0,0,0
2016-12-02 02:47:59,0,0,0
2016-12-02 02:48:14,0,0,0
2016-12-02 02:48:29,0,0,0
2016-12-02 02:48:44,0,0,0
2016-12-02 02:48:59,0,0,0
2016-12-02 02:49:14,0,0,0
2016-12-02 02:49:29,0,0,0
2016-12-02 02:49:44,0,0,0
2016-12-02 02:49:59,0,0,0
2016-12-02 02:50:14,0,0,0
2016-12-02 02:50:29,0,0,0
2016-12-02 02:50:44,0,0,0
2016-12-02 02:50:59,0,0,0
2016-12-02 02:51:14,0,0,0
2016-12-02 02:51:29,0,0,0
2016-12-02 02:51:44,0,0,0
2016-12-02 02:51:59,0,0,0
2016-12-02 02:52:14,0,0,0
2016-12-02 02:52:29,0,0,0
2016-12-02 02:52:44,0,0,0
2016-12-02 02:52:59,0,0,0
2016-12-02 02:53:14,0,0,0
2016-12-02 02:53:29,0,0,0
2016-12-02 02:53:44,0,0,0
2016-12-02 02:53:59,0,0,0
2016-12-02 02:54:14,0,0,0
2016-12-02 02:54:29,0,0,0
2016-12-02 02:54:44,0,0,0
2016-12-02 02:54:59,0,0,0
2016-12-02 02:55:14,0,0,0
2016-12-02 02:55:29,0,0,0
2016-12-02 02:55:44,0,0,0
2016-12-02 02:55:59,0,0,0
2016-12-02 02:56:14,0,0,0
2016-12-02 02:56:29,0,0,0
2016-12-02 02:56:44,0,0,0
2016-12-02 02:56:59,0,0,0
2016-12-02 02:57:14,0,0,0
2016-12-02 02:57:29,0,0,0
2016-12-02 02:57:44,0,0,0
2016-12-02 02:57:59,0,0,0
2016-12-02 02:58:14,0,0,0
2016-12-02 02:58:29,0,0,0
2016-12-02 02:58:44,0,0,0
2016-12-02 02:58:59,0,0,0
2016-12-02 02:59:14,0,0,0
2016-12-02 02:59:29,0,0,0
2016-12-02 02:59:44,0,0,0
2016-12-02 02:59:59,0,0,0
2016-12-02 03:00:14,0,0,0
2016-12-02 03:00:29,0,0,0
2016-12-02 03:00:44,0,0,0
2016-12-02 03:00:59,0,0,0
2016-12-02 03:01:14,0,0,0
2016-12-02 03:01:29,0,0,0
2016-12-02 03:01:44,0,0,0
2016-12-02 03:01:59,0,0,0
2016-12-02 03:02:14,0,0,0
2016-12-02 03:02:29,0,0,0
2016-12-02 03:02:44,0,0,0
2016-12-02 03:02:59,0,0,0
2016-12-02 03:03:14,0,0,0
2016-12-02 03:03:29,0,0,0
2016-12-02 03:03:44,0,0,0
2016-12-02 03:03:59,0,0,0
2016-12-02 03:04:14,0,0,0
2016-12-02 03:04:29,0,0,0
2016-12-02 03:04:44,0,0,0
2016-12-02 03:04:59,0,0,0
2016-12-02 03:05:14,0,0,0
